-- phpMyAdmin SQL Dump
-- version 5.2.1
-- https://www.phpmyadmin.net/
--
-- Host: localhost
-- Generation Time: Jun 15, 2026 at 08:02 AM
-- Server version: 5.7.11
-- PHP Version: 8.3.3

SET SQL_MODE = "NO_AUTO_VALUE_ON_ZERO";
START TRANSACTION;
SET time_zone = "+00:00";


/*!40101 SET @OLD_CHARACTER_SET_CLIENT=@@CHARACTER_SET_CLIENT */;
/*!40101 SET @OLD_CHARACTER_SET_RESULTS=@@CHARACTER_SET_RESULTS */;
/*!40101 SET @OLD_COLLATION_CONNECTION=@@COLLATION_CONNECTION */;
/*!40101 SET NAMES utf8mb4 */;

--
-- Database: `winhanganha_archive`
--

-- --------------------------------------------------------

--
-- Table structure for table `accessrequest`
--

CREATE TABLE `accessrequest` (
  `requestID` varchar(20) COLLATE utf8mb4_unicode_ci NOT NULL,
  `itemID` varchar(20) COLLATE utf8mb4_unicode_ci NOT NULL,
  `userID` varchar(20) COLLATE utf8mb4_unicode_ci NOT NULL,
  `requestDate` date NOT NULL,
  `requestStatus` varchar(50) COLLATE utf8mb4_unicode_ci NOT NULL DEFAULT 'Pending',
  `purpose` text COLLATE utf8mb4_unicode_ci NOT NULL
) ENGINE=InnoDB DEFAULT CHARSET=utf8mb4 COLLATE=utf8mb4_unicode_ci;

--
-- Dumping data for table `accessrequest`
--

INSERT INTO `accessrequest` (`requestID`, `itemID`, `userID`, `requestDate`, `requestStatus`, `purpose`) VALUES
('Q008', 'I001', 'U005', '2026-06-12', 'Cancel', 'Lore: research my history'),
('Q009', 'I002', 'U005', '2026-06-13', 'Cancel', 'Research: test'),
('Q010', 'I002', 'U005', '2026-06-15', 'Pending', 'Lore: test'),
('Q011', 'I006', 'U005', '2026-06-15', 'Pending', 'Research: qwerty');

-- --------------------------------------------------------

--
-- Table structure for table `approval`
--

CREATE TABLE `approval` (
  `approvalID` varchar(20) COLLATE utf8mb4_unicode_ci NOT NULL,
  `requestID` varchar(20) COLLATE utf8mb4_unicode_ci NOT NULL,
  `userID` varchar(10) COLLATE utf8mb4_unicode_ci NOT NULL,
  `approvalDate` date NOT NULL,
  `approvalStatus` varchar(50) COLLATE utf8mb4_unicode_ci NOT NULL,
  `approvalNotes` text COLLATE utf8mb4_unicode_ci NOT NULL
) ENGINE=InnoDB DEFAULT CHARSET=utf8mb4 COLLATE=utf8mb4_unicode_ci;

--
-- Dumping data for table `approval`
--

INSERT INTO `approval` (`approvalID`, `requestID`, `userID`, `approvalDate`, `approvalStatus`, `approvalNotes`) VALUES
('P001', 'Q001', 'R001', '2026-05-24', 'Rejected', 'Item contains restricted family knowledge'),
('P002', 'Q002', 'R001', '2026-05-24', 'Pending', 'Awaiting further community consultation'),
('P003', 'Q003', 'R003', '2026-05-24', 'Approved', 'Public item may be viewed with acknowledgement');

-- --------------------------------------------------------

--
-- Table structure for table `assessmentcomment`
--

CREATE TABLE `assessmentcomment` (
  `commentID` varchar(20) COLLATE utf8mb4_unicode_ci NOT NULL,
  `assessmentID` varchar(20) COLLATE utf8mb4_unicode_ci NOT NULL,
  `userID` varchar(10) COLLATE utf8mb4_unicode_ci NOT NULL,
  `commentText` text COLLATE utf8mb4_unicode_ci NOT NULL,
  `commentDate` date NOT NULL
) ENGINE=InnoDB DEFAULT CHARSET=utf8mb4 COLLATE=utf8mb4_unicode_ci;

--
-- Dumping data for table `assessmentcomment`
--

INSERT INTO `assessmentcomment` (`commentID`, `assessmentID`, `userID`, `commentText`, `commentDate`) VALUES
('AC001', 'A001', 'U001', 'Confirm wording with language group before release', '2026-05-20'),
('AC002', 'A002', 'U001', 'Access request process should be used for this item', '2026-05-21'),
('AC003', 'A003', 'U004', 'Approved description can be shown on public page', '2026-05-22'),
('AC004', 'A004', 'U001', 'The public record should not include detailed ceremonial references. A shorter description may be suitable if the family names and sensitive place details are removed.', '2026-05-21'),
('AC005', 'A004', 'U004', 'Recommend restricted access until further consultation with the relevant family group has been completed.', '2026-05-22'),
('AC006', 'A004', 'U004', 'Metadata can be updated once the review group confirms the approved access level and public catalogue wording.', '2026-05-23');

-- --------------------------------------------------------

--
-- Table structure for table `assessmentrecord`
--

CREATE TABLE `assessmentrecord` (
  `assessmentID` varchar(20) COLLATE utf8mb4_unicode_ci NOT NULL,
  `itemID` varchar(20) COLLATE utf8mb4_unicode_ci NOT NULL,
  `userID` varchar(10) COLLATE utf8mb4_unicode_ci NOT NULL,
  `assessmentDate` date NOT NULL,
  `assessmentOutcome` varchar(150) COLLATE utf8mb4_unicode_ci NOT NULL,
  `notes` text COLLATE utf8mb4_unicode_ci NOT NULL
) ENGINE=InnoDB DEFAULT CHARSET=utf8mb4 COLLATE=utf8mb4_unicode_ci;

--
-- Dumping data for table `assessmentrecord`
--

INSERT INTO `assessmentrecord` (`assessmentID`, `itemID`, `userID`, `assessmentDate`, `assessmentOutcome`, `notes`) VALUES
('A001', 'I001', 'U001', '2026-05-20', 'Continue review', 'Language spelling and access notes require confirmation'),
('A002', 'I002', 'U001', '2026-05-21', 'Restricted access', 'Recording contains family knowledge and should not be public'),
('A003', 'I003', 'U004', '2026-05-22', 'Public release approved', 'Description and access conditions approved'),
('A004', 'I004', 'U001', '2026-05-21', 'Continue review', 'Confirm whether item can be released with restricted access or must remain private.'),
('A005', 'I005', 'U004', '2026-05-22', 'Keep private', 'Internal consultation material should remain private.'),
('A006', 'I006', 'U004', '2026-05-22', 'Restricted access', 'Detailed place data requires approval before access.');

-- --------------------------------------------------------

--
-- Table structure for table `collection`
--

CREATE TABLE `collection` (
  `collectionID` varchar(10) COLLATE utf8mb4_unicode_ci NOT NULL,
  `collectionName` varchar(150) COLLATE utf8mb4_unicode_ci NOT NULL,
  `description` text COLLATE utf8mb4_unicode_ci NOT NULL
) ENGINE=InnoDB DEFAULT CHARSET=utf8mb4 COLLATE=utf8mb4_unicode_ci;

--
-- Dumping data for table `collection`
--

INSERT INTO `collection` (`collectionID`, `collectionName`, `description`) VALUES
('C001', 'Language Resources', 'Language records, word lists and place-name materials'),
('C002', 'Oral Histories', 'Recorded community stories and interviews'),
('C003', 'Historical Records', 'Images, documents and archival records');

-- --------------------------------------------------------

--
-- Table structure for table `collectionitem`
--

CREATE TABLE `collectionitem` (
  `itemID` varchar(20) COLLATE utf8mb4_unicode_ci NOT NULL,
  `collectionID` varchar(10) COLLATE utf8mb4_unicode_ci NOT NULL,
  `languageGroupID` varchar(10) COLLATE utf8mb4_unicode_ci DEFAULT NULL,
  `title` varchar(255) COLLATE utf8mb4_unicode_ci NOT NULL,
  `description` text COLLATE utf8mb4_unicode_ci NOT NULL,
  `itemType` varchar(100) COLLATE utf8mb4_unicode_ci NOT NULL,
  `imagePath` varchar(255) COLLATE utf8mb4_unicode_ci NOT NULL DEFAULT 'img/placeholder.png',
  `recordPath` varchar(256) COLLATE utf8mb4_unicode_ci NOT NULL,
  `place` varchar(150) COLLATE utf8mb4_unicode_ci DEFAULT NULL,
  `status` varchar(50) COLLATE utf8mb4_unicode_ci NOT NULL,
  `format` varchar(100) COLLATE utf8mb4_unicode_ci DEFAULT NULL,
  `dateAdded` date DEFAULT NULL,
  `dateRecorded` varchar(50) COLLATE utf8mb4_unicode_ci DEFAULT NULL
) ENGINE=InnoDB DEFAULT CHARSET=utf8mb4 COLLATE=utf8mb4_unicode_ci;

--
-- Dumping data for table `collectionitem`
--

INSERT INTO `collectionitem` (`itemID`, `collectionID`, `languageGroupID`, `title`, `description`, `itemType`, `imagePath`, `recordPath`, `place`, `status`, `format`, `dateAdded`, `dateRecorded`) VALUES
('I001', 'C001', 'LG125','Wiradjuri Language Word List', 'Sample language resource with cultural notes', 'Language Record', 'img/placeholder.png', '', 'Central NSW', 'Under Assessment', 'Digitised text record', '2026-05-20', NULL),
('I002', 'C002', 'LG10', 'Community Oral History Recording', 'Recorded interview about family memory and place', 'Audio', 'img/placeholder.png', '', 'Northern NSW', 'Restricted', 'Audio recording', '2026-05-21', NULL),
('I003', 'C003', 'LG5', 'Mission Station Photograph', 'Digitised historical photograph with provenance notes', 'Image', 'img/placeholder.png', '', 'Queensland', 'Approved', 'Digitised image', '2026-05-21', NULL),
('I004', 'C002', 'LG3', 'Ceremony Reference Record', 'A culturally sensitive record held for assessment before any public description or access decision is made.', 'Audio transcript and cultural note', 'img/placeholder.png', '', 'Central West New South Wales', 'Under Assessment', 'Audio transcript and cultural note', NULL, '1985'),
('I005', 'C003', NULL, 'Community Meeting Notes', 'Digitised notes from a community consultation meeting about cultural care, access conditions and description.', 'Document', 'img/placeholder.png', '', NULL, 'Private', 'Digitised document', '2026-05-22', NULL),
('I006', 'C001', 'LG3', 'Place Name Record', 'A record connecting language, Country, place names and approved cultural description.', 'Place Record', 'img/placeholder.png', '', NULL, 'Restricted', 'Text record', '2026-05-22', NULL),
('I008', 'C003', 'LG8', 'trew', 'qwert', 'Image', 'uploads/fd78c1865ed44b4eb4ecf2d208045c21.png', 'uploads/0d7a838dc0e647899042448f1af8dad4.pdf', 'asdfgh', 'Under Assessment', NULL, '2026-06-15', NULL),
('I009', 'C001', 'LG1', 'qwerty', 'poiuytrewqasdfghjkl sdfghnjghbgfd', 'Document', 'uploads/2fe5caab19e445a2b52942f6159ccfe9.jpg', 'uploads/46da7636c6cf49ab875a2cf87ada2209.pdf', 'home', 'Under Assessment', 'PDF document', '2026-06-15', NULL);

-- --------------------------------------------------------

--
-- Table structure for table `culturalmetadata`
--

CREATE TABLE `culturalmetadata` (
  `metadataID` varchar(20) COLLATE utf8mb4_unicode_ci NOT NULL,
  `itemID` varchar(20) COLLATE utf8mb4_unicode_ci NOT NULL,
  `ownership` varchar(150) COLLATE utf8mb4_unicode_ci DEFAULT NULL,
  `accessLevel` varchar(50) COLLATE utf8mb4_unicode_ci NOT NULL,
  `recommendedAccessLevel` varchar(50) COLLATE utf8mb4_unicode_ci DEFAULT NULL,
  `culturalSensitivity` varchar(50) COLLATE utf8mb4_unicode_ci DEFAULT NULL,
  `culturalNotes` text COLLATE utf8mb4_unicode_ci,
  `accessConditions` text COLLATE utf8mb4_unicode_ci,
  `communityApprovalStatus` varchar(100) COLLATE utf8mb4_unicode_ci DEFAULT NULL
) ENGINE=InnoDB DEFAULT CHARSET=utf8mb4 COLLATE=utf8mb4_unicode_ci;

--
-- Dumping data for table `culturalmetadata`
--

INSERT INTO `culturalmetadata` (`metadataID`, `itemID`, `ownership`, `accessLevel`, `recommendedAccessLevel`, `culturalSensitivity`, `culturalNotes`, `accessConditions`, `communityApprovalStatus`) VALUES
('M001', 'I001', 'Community held', 'Under Review', NULL, 'Medium', 'Requires Elder confirmation before public release', '', 'Awaiting review'),
('M002', 'I002', 'Family and community held', 'Restricted', NULL, 'High', 'Do not reproduce without permission', '', 'Access request required'),
('M003', 'I003', 'Library collection', 'Public', NULL, 'Low', 'Use with acknowledgement', '', 'Approved'),
('M004', 'I004', 'Community held', 'Under Review', NULL, 'High', 'Item may contain references to restricted knowledge. Confirm whether names, places and descriptive terms can be shown in the public catalogue.', 'test', 'Awaiting Elder review'),
('M005', 'I005', 'Community consultation record', 'Private', NULL, 'High', 'Contains internal consultation material and community decision-making context. Not available for public release.', '', 'Not approved for public release'),
('M006', 'I006', 'Community held', 'Restricted', NULL, 'Medium', 'Contains place-based knowledge and language information. Access to detailed place data requires approval.', '', 'Approved with restrictions'),
('M007', 'I008', NULL, 'Under Assessment', NULL, NULL, NULL, NULL, NULL),
('M008', 'I009', NULL, 'Under Assessment', NULL, NULL, NULL, NULL, NULL);


-- --------------------------------------------------------

--
-- Table structure for table `roles`
--

CREATE TABLE `roles` (
  `roleID` varchar(12) NOT NULL,
  `name` varchar(50) NOT NULL,
  `permissions` int(2) NOT NULL,
  `tasks` varchar(256) NOT NULL
) ENGINE=InnoDB DEFAULT CHARSET=latin1;

--
-- Dumping data for table `roles`
--

INSERT INTO `roles` (`roleID`, `name`, `permissions`, `tasks`) VALUES
('R001', 'Public', 1, 'Can view public items'),
('R002', 'User', 3, 'Can view public items and request access to restricted items'),
('R003', 'Archivist', 7, 'Can view and edit archive items'),
('R004', 'Reviewer', 15, 'Can view, edit, review, approve access requests and change access levels'),
('R005', 'Administrator', 31, 'Can manage all aspects of the system');

-- --------------------------------------------------------

--
-- Table structure for table `users`
--

CREATE TABLE `users` (
  `userID` varchar(10) COLLATE utf8mb4_unicode_ci NOT NULL,
  `roleID` varchar(10) COLLATE utf8mb4_unicode_ci NOT NULL DEFAULT 'R002',
  `preferred_title` varchar(50) COLLATE utf8mb4_unicode_ci DEFAULT NULL,
  `name` varchar(45) COLLATE utf8mb4_unicode_ci DEFAULT NULL,
  `email` varchar(45) COLLATE utf8mb4_unicode_ci DEFAULT NULL,
  `passwordHash` varchar(5000) COLLATE utf8mb4_unicode_ci DEFAULT NULL
) ENGINE=InnoDB DEFAULT CHARSET=utf8mb4 COLLATE=utf8mb4_unicode_ci;

--
-- Dumping data for table `users`
--

INSERT INTO `users` (`userID`, `roleID`, `preferred_title`, `name`, `email`, `passwordHash`) VALUES
('U001', 'R004', 'Aunty', 'May Williams', 'may.williams@fnwa.org', 'scrypt:32768:8:1$V5nXvzIOZpp4fKgb$8eaef9785ada516716a052299e62521202b4d5db18f9b568fd41d190e42bdca5fd8309bf83bf86384ea5c10f9af06db30de8e4294e0c3a6aad200ccfba2849c2'),
('U002', 'R001', NULL, 'Daniel Brooks', 'd.brooks@fnwa.org', 'scrypt:32768:8:1$V5nXvzIOZpp4fKgb$8eaef9785ada516716a052299e62521202b4d5db18f9b568fd41d190e42bdca5fd8309bf83bf86384ea5c10f9af06db30de8e4294e0c3a6aad200ccfba2849c2'),
('U003', 'R003', NULL, 'Leah Morgan', 'leah.morgan@fnwa.org', 'scrypt:32768:8:1$V5nXvzIOZpp4fKgb$8eaef9785ada516716a052299e62521202b4d5db18f9b568fd41d190e42bdca5fd8309bf83bf86384ea5c10f9af06db30de8e4294e0c3a6aad200ccfba2849c2'),
('U004', 'R004', 'Uncle', 'Robert Evans', 'robert.evans@fnwa.org', 'scrypt:32768:8:1$V5nXvzIOZpp4fKgb$8eaef9785ada516716a052299e62521202b4d5db18f9b568fd41d190e42bdca5fd8309bf83bf86384ea5c10f9af06db30de8e4294e0c3a6aad200ccfba2849c2'),
('U005', 'R005', NULL, 'Wayne Stack', 'wayne@technetik.com.au', 'scrypt:32768:8:1$mU0g8vWcA2a9aQbZ$1700240d81081e5c7b20b04067aa2ef6e2bc514a0fcfc67b0e377a968ddc834800986fdd63b612a53a14b77833b35f54588ca84f616f6fb3a2f27a2d2d9dd86d'),
('U006', 'R002', 'Uncle', 'Theodore Stack', 'here@there.com.au', 'scrypt:32768:8:1$4DXOjKGuBMImvRms$5dfa73e698985df9d4b972b66b88281c4e4a4ea960aa701c65490a45d480c6cd8dd486570dccf68880911679733b6719d8b6d1cddc811f593492d42a494d1e2f'),
('U007', 'R004', 'Dr.', 'Charles Montgomery Stack', 'there@here.com', 'scrypt:32768:8:1$qqzgQJfLkRKfts7l$943096b5e0b361359c00c3570c67cc9ea4157e750ce30c420d9e1a25897bc369901c956fac1b5af54176a117ca9acb6863eab24a245a731a5d52ccd121e6da5b');



-- 
-- Language Group Table
--
create table languagegroup (
  languagegroupID varchar(12) NOT NULL,
  austlangCode varchar(10) NOT NULL,
  languageName varchar(100) NOT NULL
) ENGINE=InnoDB DEFAULT CHARSET=latin1;

--
-- Language Group data 
-- This dataset is obtained from Austlang | https://aiatsis.gov.au/austlang/download-data
--
insert into languagegroup (languageGroupID, austlangCode, languageName) 
VALUES 
('LG1', 'K55', 'Unggarrangu'),
('LG2', 'E28', 'Wakka Wakka'),
('LG3', 'A115', 'Nharnu'),
('LG4', 'A106', 'Najanaja'),
('LG5', 'L69', 'Northern Dhirari'),
('LG6', 'N76', 'Ngalkbon'),
('LG7', 'A108', 'Nankilakuthu'),
('LG8', 'A109', 'Martuyitha'),
('LG9', 'E27', 'Djagunda'),
('LG10', 'A114', 'Mileura Wajarri'),
('LG11', 'A111', 'Windaga'),
('LG12', 'L12', 'Wadigali'),
('LG13', 'D41', 'Giabal'),
('LG14', 'A79', 'Yinhawangka'),
('LG15', 'E81', 'Jarowair'),
('LG16', 'L1', 'Narungga'),
('LG17', 'Y183', 'Atampaya'),
('LG18', 'Y181', 'Western Ayapathu'),
('LG19', 'E20', 'Duungidjawu'),
('LG20', 'Y186', 'Mpakwithi'),
('LG21', 'Y195', 'Rimanggudinhma'),
('LG22', 'A22', 'Marawa'),
('LG23', 'Y197', 'Ogh Angkula'),
('LG24', 'E87', 'Dungibara'),
('LG25', 'A27', 'Mudalga'),
('LG26', 'Y207', 'Uw El'),
('LG27', 'A28', 'Bunggura'),
('LG28', 'N95', 'Wurlaki'),
('LG29', 'N98', 'Malarbardjuradj'),
('LG30', 'N99', 'Wilingura'),
('LG31', 'Y20', 'Anguthimri'),
('LG32', 'L3', 'Kaurna'),
('LG33', 'E22', 'Ngoera '),
('LG34', 'Y210', 'Kirka'),
('LG35', 'E24', 'Buyibara'),
('LG36', 'P4', 'Aboriginal English'),
('LG37', 'E26', 'Guwar'),
('LG38', 'L42', 'Yirandali'),
('LG39', 'Y231', 'Yaraytyana'),
('LG40', 'S18', 'Ngintait'),
('LG41', 'Y233', 'Wakaman'),
('LG42', 'E29', 'Gubbi Gubbi'),
('LG43', 'L50', 'Midlaliri'),
('LG44', 'D63', 'Northern Dharawal'),
('LG45', 'L57', 'Minkabari'),
('LG46', 'S1', 'Warki'),
('LG47', 'S56', 'Dharamba'),
('LG48', 'L5', 'Ngadjuri'),
('LG49', 'Y40', 'Ndorndorin'),
('LG50', 'S65', 'Darkinyung'),
('LG51', 'N116X', 'Ngaymil'),
('LG52', 'N116Y', 'Nungudulbuy'),
('LG53', 'S96', 'Hawkesbury River '),
('LG54', 'Y52', 'Wik Epa'),
('LG55', 'N118', 'Dhayyi'),
('LG56', 'S99', 'Hunter River '),
('LG57', 'S29', 'Wadawurrung'),
('LG58', 'A91', 'Nyardi'),
('LG59', 'N11', 'Pungupungu'),
('LG60', 'D23', 'Gamilaraay'),
('LG61', 'S36', 'Woiwurrung'),
('LG62', 'D66', 'WirraayWirraay'),
('LG63', 'S31', 'Kurung'),
('LG64', 'Y70', 'Yuwula'),
('LG65', 'D65', 'Wirraayaraay'),
('LG66', 'N161', 'Marri Tjevin'),
('LG67', 'Y75', 'Aragu'),
('LG68', 'A87', 'Wangkajunga'),
('LG69', 'S44', 'Dhudhuroa'),
('LG70', 'A8', 'Murunitja'),
('LG71', 'Y91', 'Gonaniin'),
('LG72', 'A90', 'Nyanyany'),
('LG73', 'E84', 'Karunbara'),
('LG74', 'A102', 'Pindiini'),
('LG75', 'A97', 'Cheangwa language'),
('LG76', 'N184', 'Ilgar'),
('LG77', 'E82', 'Wapabara'),
('LG78', 'A101', 'Naaguja'),
('LG79', 'S4', 'Ngaralda'),
('LG80', 'D70', 'Inuwon'),
('LG81', 'S64', 'Dharug  Darug'),
('LG82', 'A103', 'Wangkatja'),
('LG83', 'A10', 'Ngurlu'),
('LG84', 'C14', 'Alyawarr'),
('LG85', 'C18', 'Warumungu'),
('LG86', 'N172', 'Gunguluwala'),
('LG87', 'A104', 'Pijikala'),
('LG88', 'A107', 'Nawurtu'),
('LG89', 'A118', 'Ngarrka'),
('LG90', 'A105', 'Nangu'),
('LG91', 'C21', 'Pinkangarna'),
('LG92', 'Y4', 'Kulkalgaw Ya'),
('LG93', 'A121', 'Ngardi'),
('LG94', 'Y2', 'Kalaw Kawaw Ya'),
('LG95', 'A110', 'Marlpa'),
('LG96', 'A20', 'Wilyara'),
('LG97', 'A95', 'Natingero'),
('LG98', 'D4', 'Wadi Wadi'),
('LG99', 'A112', 'Ngunuru'),
('LG100', 'G51', 'Baringkirri'),
('LG101', 'C29', 'Lower Arrernte'),
('LG102', 'D67', 'Wadi Wadi (Piangil)'),
('LG103', 'A113', 'Byro Wajarri'),
('LG104', 'A11', 'Waljen'),
('LG105', 'A34', 'Mangu'),
('LG106', 'D1', 'Wemba Wemba'),
('LG107', 'A122', 'Kakutu  Kakurtu'),
('LG108', 'C37', 'Wurlayi'),
('LG109', 'C36', 'Western Mudburra'),
('LG110', 'T15', 'Little Swanport Tasmanian'),
('LG111', 'D5', 'Barababaraba'),
('LG112', 'C27', 'Ngarinyman'),
('LG113', 'A123', 'Ngulatu  Ngulartu'),
('LG114', 'A16', 'Kuwarra'),
('LG115', 'A39', 'Wajarri'),
('LG116', 'S38', 'Jabulajabula  Yabula Yabula'),
('LG117', 'A17', 'Nangadadjara'),
('LG118', 'A52', 'Kiyajarra'),
('LG119', 'C7', 'Kukatja'),
('LG120', 'S97', 'Kwat Kwat'),
('LG121', 'A30', 'Ngadawanga'),
('LG122', 'D58', 'Jeithi'),
('LG123', 'A12', 'Wangkatha'),
('LG124', 'K64', 'Andajin'),
('LG125', 'D10', 'Wiradjuri'),
('LG126', 'A56', 'Dargudi'),
('LG127', 'S88', 'Wotjobaluk'),
('LG128', 'A31', 'Tjupan'),
('LG129', 'Y150', 'Walmalbarra'),
('LG130', 'S89', 'Waywurru  Pallanganmiddang'),
('LG131', 'A33', 'Mantjintjarra'),
('LG132', 'A58', 'Nyamal'),
('LG133', 'A60', 'Widagari'),
('LG134', 'A98', 'Kuntal'),
('LG135', 'A381', 'Widjandja'),
('LG136', 'A73', 'Walyirli'),
('LG137', 'A38', 'Ngaanyatjarra'),
('LG138', 'D28', 'Wiriyaraay'),
('LG139', 'A81', 'Mount Margaret'),
('LG140', 'D44', 'Mandandanji'),
('LG141', 'C11', 'Yumu'),
('LG142', 'S90', 'Minjambuta'),
('LG143', 'T16', 'palawa kani'),
('LG144', 'S95', 'Djilamatang'),
('LG145', 'A41', 'Madoidja'),
('LG146', 'C10', 'Pintupi'),
('LG147', 'D39', 'Gawambaraay'),
('LG148', 'N86', 'Gadjalivia'),
('LG149', 'W10', 'Balardong'),
('LG150', 'W15', 'Thaagurda'),
('LG151', 'W12', 'Amangu'),
('LG152', 'A43', 'Ngaatjatjarra'),
('LG153', 'D42', 'Margany'),
('LG154', 'L28', 'Karangura'),
('LG155', 'D43', 'Gunya'),
('LG156', 'A4', 'Kaalamaya'),
('LG157', 'C17', 'Warlmanpa'),
('LG158', 'A50', 'Nyiyaparli'),
('LG159', 'E63', 'Yetimarala  Yetimarla'),
('LG160', 'W30', 'Nhuwala'),
('LG161', 'D52', 'Thinuntu'),
('LG162', 'A51', 'Kartujarra'),
('LG163', 'C32', 'Eastern Ngarinyman'),
('LG164', 'E55', 'Yilba'),
('LG165', 'A53', 'Banyjima'),
('LG166', 'D61', 'Kureinji'),
('LG167', 'C40', 'Warnayaka'),
('LG168', 'A54', 'Putijarra'),
('LG169', 'Y124', 'Djiru'),
('LG170', 'C1', 'Wirangu'),
('LG171', 'C71', 'Luritja'),
('LG172', 'D62', 'Canberra language'),
('LG173', 'W39', 'Kariyarra'),
('LG174', 'N7', 'Marrithiyel'),
('LG175', 'S27', 'Jardwadjali'),
('LG176', 'E56', 'Biri'),
('LG177', 'D69', 'Himberrong'),
('LG178', 'C20', 'Gurindji'),
('LG179', 'G5', 'WangkaYutjurru'),
('LG180', 'A5', 'Nungara'),
('LG181', 'E62', 'Yuru'),
('LG182', 'N134', 'Wangurri'),
('LG183', 'W67', 'Kongalboyal'),
('LG184', 'D26', 'Barranbinya'),
('LG185', 'E1', 'Geawegal'),
('LG186', 'Y176', 'Kugu Uwanh'),
('LG187', 'A62', 'Warnman'),
('LG188', 'G10', 'Warluwarra'),
('LG189', 'Y27', 'Ntrwangayth'),
('LG190', 'A65', 'Mangala'),
('LG191', 'C9', 'Wanggamala'),
('LG192', 'A14', 'Badimaya'),
('LG193', 'E33', 'Taribelang'),
('LG194', 'E31', 'Yiman'),
('LG195', 'N44', 'Mayali'),
('LG196', 'A68', 'Kukatja'),
('LG197', 'E38', 'Garaynbal'),
('LG198', 'K67', 'Eastern Bunuba'),
('LG199', 'E30', 'Butchulla'),
('LG200', 'A61', ' Nyangumarta'),
('LG201', 'A69', 'Bunara'),
('LG202', 'D14', 'Thangkaali'),
('LG203', 'G15', 'Wakabunga'),
('LG204', 'E45', 'Gabulbarra'),
('LG205', 'E41', 'Tulua'),
('LG206', 'E44', 'Gayiri'),
('LG207', 'E16', 'Wiyabal'),
('LG208', 'E69', 'Nulla Nulla'),
('LG209', 'A6', 'Maduwongga'),
('LG210', 'E49', 'Guwinmal'),
('LG211', 'E47', 'Wangan'),
('LG212', 'K68', 'Western Bunuba'),
('LG213', 'A72', 'Ngurlipartu'),
('LG214', 'D54', 'Yuwaalayaay'),
('LG215', 'Y125', 'Tagalaka'),
('LG216', 'E52', 'Yangga'),
('LG217', 'A78', 'Juuna'),
('LG218', 'A76', 'Pantikura'),
('LG219', 'E68', 'Ngarbal'),
('LG220', 'S33', 'Weki Weki'),
('LG221', 'A82', 'Wirdjaragandja'),
('LG222', 'Y132', 'Agwamin'),
('LG223', 'G24', 'MayiKutuna'),
('LG224', 'E11', 'Yugambal'),
('LG225', 'Y1321', 'Wamin'),
('LG226', 'A85', 'Kurajarra'),
('LG227', 'Y131', 'Yanga'),
('LG228', 'A96', 'Mandara'),
('LG229', 'E73', 'Casino language'),
('LG230', 'K25', 'Munumburu'),
('LG231', 'Y13', 'Unjadi'),
('LG232', 'A99', 'Norseman'),
('LG233', 'Y67', 'Flinders Island language'),
('LG234', 'D24', 'Southern Anaiwan'),
('LG235', 'D31', 'Budjari  Badjiri'),
('LG236', 'L21', 'Waidjinga'),
('LG237', 'D35', 'Guyambal'),
('LG238', 'E86', 'Turrbal'),
('LG239', 'W56', 'West Ngarluma'),
('LG240', 'E8', 'Baanbay'),
('LG241', 'N116C', 'Birrkili'),
('LG242', 'Y152', 'Gambilbarra Jirrbal'),
('LG243', 'E89', 'Wuli Wuli'),
('LG244', 'D51', 'Purukuri'),
('LG245', 'E19', 'Jandai'),
('LG246', 'E13', 'Arakwal'),
('LG247', 'Y158', 'China Camp'),
('LG248', 'C13', 'Kaytetye'),
('LG249', 'C16', 'Wakaya'),
('LG250', 'E99', 'Yirraygirr'),
('LG251', 'K26', 'Wolyamidi'),
('LG252', 'C19', 'Wambaya'),
('LG253', 'K56', 'Winjarumi'),
('LG254', 'A117', 'Banyjima Padupadu'),
('LG255', 'Y161', 'Kuku Jakandji'),
('LG256', 'C25', 'Mudburra'),
('LG257', 'T7', 'Ben Lomond'),
('LG258', 'G16', 'MayiThakurti  Mitakoodi'),
('LG259', 'Y165', 'Wanyurr'),
('LG260', 'C4', 'Yankunytjatjara'),
('LG261', 'Y227', 'Daru'),
('LG262', 'C39', 'Wawulya'),
('LG263', 'C46', 'Pertame'),
('LG264', 'C8', 'Arrernte'),
('LG265', 'G28', 'Kukatj'),
('LG266', 'Y178', 'Kugu Yianh'),
('LG267', 'D17', 'Pantyikali'),
('LG268', 'D16', 'Wilyakali'),
('LG269', 'G50', 'Kok Nhang'),
('LG270', 'D30', 'Kullilli'),
('LG271', 'E5', 'Ngambaa'),
('LG272', 'Y201', 'Ogh Awarrangg'),
('LG273', 'D33', 'Guwamu'),
('LG274', 'K5', 'Bunuba'),
('LG275', 'D49', 'Kungakuri'),
('LG276', 'N47', 'Amurdak'),
('LG277', 'D36', 'Geynyan'),
('LG278', 'D56', 'Muringam'),
('LG279', 'G4', 'Rakaya'),
('LG280', 'D64', 'Northern Anaiwan'),
('LG281', 'K8', 'Jabirr Jabirr'),
('LG282', 'D7', 'Yitha Yitha'),
('LG283', 'G53', 'Lanima'),
('LG284', 'L16', 'Gungadidji'),
('LG285', 'E42', 'Baiali'),
('LG286', 'D9', 'Nari Nari'),
('LG287', 'K10', 'Warrwa'),
('LG288', 'E60', 'Gudjal'),
('LG289', 'Y224', 'Kugu Muinh'),
('LG290', 'E58', 'Giya'),
('LG291', 'K18', 'Ngarinyin'),
('LG292', 'E162', 'Wahlubal'),
('LG293', 'W57', 'East Ngarluma'),
('LG294', 'E17', 'Yugambeh'),
('LG295', 'K21', 'Wanyjirra'),
('LG296', 'L65', 'Ngurunta'),
('LG297', 'E94', 'Undanbi'),
('LG298', 'E80', 'Wehlubal'),
('LG299', 'K69', 'Baard'),
('LG300', 'N200', 'Munyuku'),
('LG301', 'Y23', 'Wimaranga'),
('LG302', 'Y25', 'Mpalitjanh'),
('LG303', 'A18', 'Muliara'),
('LG304', 'E21', 'Moondjan'),
('LG305', 'K33', 'Kuluwarrang'),
('LG306', 'Y26', 'Linngithigh'),
('LG307', 'K6', 'Gooniyandi'),
('LG308', 'E25', 'Dalla'),
('LG309', 'Y29', 'Yinwum'),
('LG310', 'N229', 'Ngalarrunga'),
('LG311', 'E37', 'Bidjara  Bidyara'),
('LG312', 'A1', 'Nyaki Nyaki  Njaki Njaki'),
('LG313', 'K43', 'Worla'),
('LG314', 'E72', 'Birihn'),
('LG315', 'E70', 'Burrgati'),
('LG316', 'E96', 'Wudjebal'),
('LG317', 'E9', 'Yunggaya'),
('LG318', 'G45', 'Marrago'),
('LG319', 'K57', 'Ginan'),
('LG320', 'K58', 'Barunjin'),
('LG321', 'A21', 'Gula'),
('LG322', 'K12', 'Jaru'),
('LG323', 'N106', 'Wgilak'),
('LG324', 'N113', 'Galwanuk'),
('LG325', 'E78', 'Nganduwal'),
('LG326', 'K47', 'Djerag'),
('LG327', 'E92', 'Ngarabal'),
('LG328', 'K52', 'Ngarnawu'),
('LG329', 'K49', 'Umida'),
('LG330', 'K60', 'Mailnga'),
('LG331', 'K61', 'Wulamban'),
('LG332', 'E3', 'Birrbay'),
('LG333', 'L31', 'Yarluyandi'),
('LG334', 'L13', 'Arabana'),
('LG335', 'L61', 'Kadli'),
('LG336', 'G13', 'Kalkatungu  Kalkadoon'),
('LG337', 'K7', 'Nyininy'),
('LG338', 'L20', 'Mambangurra'),
('LG339', 'G161', 'Wunumara'),
('LG340', 'Y57', 'Wik Mungkan'),
('LG341', 'L10', 'Adnyamathanha'),
('LG342', 'Y62', 'Ama Ambilmungu'),
('LG343', 'L2', 'Nauo  Nawu'),
('LG344', 'Y63', 'Jugaiwadha'),
('LG345', 'L31', 'Nanduwara'),
('LG346', 'A23', 'Mangula'),
('LG347', 'L36', 'Pirriya'),
('LG348', 'L30', 'Ngandangara'),
('LG349', 'L34', 'Mithaka'),
('LG350', 'Y65', 'Aghu Tharnggala'),
('LG351', 'G36', 'Walangama'),
('LG352', 'Y69', 'Kuuk Thaayorre'),
('LG353', 'G37', 'Yangkaal'),
('LG354', 'L43', 'Bidjara'),
('LG355', 'L62', 'Malintji'),
('LG356', 'Y72', 'Yir Yoront'),
('LG357', 'Y79', 'GuuguNyiguudyi'),
('LG358', 'L40', 'Maiawali'),
('LG359', 'L47', 'Matja'),
('LG360', 'Y80', 'KukuWarra'),
('LG361', 'L63', 'Thura  Yura'),
('LG362', 'L68', 'Wangkumara'),
('LG363', 'A25', 'Birniridjara'),
('LG364', 'L54', 'Wangkatyaka'),
('LG365', 'Y84', 'Kuku Thaypan'),
('LG366', 'Y88', 'Banambila'),
('LG367', 'Y8', 'Yadhaykenu'),
('LG368', 'G9', 'Yanda'),
('LG369', 'L59', 'Mundanbara'),
('LG370', 'N104', 'Ritharrngu'),
('LG371', 'L66', 'Parlpakurnu'),
('LG372', 'L67', 'Eastern Wangkangurru'),
('LG373', 'A26', 'Djalgandi'),
('LG374', 'E48', 'Baradha'),
('LG375', 'K17', 'Worrorra'),
('LG376', 'N103', 'Guyamirrilili'),
('LG377', 'A35', 'Konin'),
('LG378', 'L9', 'Kuyani'),
('LG379', 'N10', 'Kuwema'),
('LG380', 'A36', 'Milamada'),
('LG381', 'N120', 'Warndarrang'),
('LG382', 'N116P', 'Mandjikai'),
('LG383', 'N116Q', 'Marrangu'),
('LG384', 'N129', 'Bararrngu'),
('LG385', 'N1391', 'Makarrwanhalmirr'),
('LG386', 'N116B', 'Birdingal'),
('LG387', 'A40', 'Birdungu'),
('LG388', 'A42', 'Tjitijamba'),
('LG389', 'W5', 'Goreng  Koreng'),
('LG390', 'A48', 'Ngarla'),
('LG391', 'K24', 'Waladjangari'),
('LG392', 'N116G', 'Ding Ding'),
('LG393', 'A49', 'Wirdinya'),
('LG394', 'N116M', 'Malardordo'),
('LG395', 'S77', 'Bi:gwurrung'),
('LG396', 'N116L', 'Maydyara  Maidjara'),
('LG397', 'K2', 'Jugun'),
('LG398', 'N116R', 'Marrungun'),
('LG399', 'N116S', 'Miliwuru'),
('LG400', 'N116W', 'Ralwia'),
('LG401', 'K371', 'Gajirrabeng'),
('LG402', 'N116V', 'Raijang'),
('LG403', 'K39', 'Gaambera'),
('LG404', 'S79', 'Taloinjunga'),
('LG405', 'N1171', 'Murngin'),
('LG406', 'W60', 'Yinyjiwarnti Kurrama'),
('LG407', 'A55', 'Palyku'),
('LG408', 'K3', 'Nyikina'),
('LG409', 'N122', 'Dhurili'),
('LG410', 'N126', 'Nunydjirrpi'),
('LG411', 'N128', 'Wubuy'),
('LG412', 'N215', 'Marranj'),
('LG413', 'A63', 'Waringari'),
('LG414', 'N135', 'Burarra'),
('LG415', 'N21', 'Larrakia'),
('LG416', 'N136', 'Yithuwa'),
('LG417', 'N143', 'Djarn'),
('LG418', 'N3', 'MurrinhPatha'),
('LG419', 'N2', 'Yilngali'),
('LG420', 'A67', 'Yulparija'),
('LG421', 'N142', 'Marrakulu'),
('LG422', 'N1431', 'Dhalwangu'),
('LG423', 'N171', 'Kundedjnjenghmi'),
('LG424', 'N147', 'Lamami'),
('LG425', 'N110', 'Lurlmarangu'),
('LG426', 'N116T', 'Murru'),
('LG427', 'N14', 'Kungarakany'),
('LG428', 'N116E', 'Dhpuyngu'),
('LG429', 'N150', 'Galawlwan'),
('LG430', 'N42', 'Limilngan'),
('LG431', 'Y147', 'Walmbarddha'),
('LG432', 'N116F', 'Dtiwuy'),
('LG433', 'A70', 'Wadjiba'),
('LG434', 'N154', 'Nyangga'),
('LG435', 'A74', 'Fraser Range'),
('LG436', 'A75', 'Bundjuwanga'),
('LG437', 'N156', 'Nalawgi'),
('LG438', 'N158', 'Murrinhkura'),
('LG439', 'A80', 'Western Desert language'),
('LG440', 'A7', 'Tjeraridjal'),
('LG441', 'A84', 'Tarpuntjari'),
('LG442', 'N116J', 'Djirin'),
('LG443', 'N116N', 'Mandatja'),
('LG444', 'N167', 'Nganwirlang'),
('LG445', 'N166', 'Marranumbu'),
('LG446', 'W58', 'Yindjibarndi Padupadu'),
('LG447', 'N13', 'Maranunggu'),
('LG448', 'N16', 'Maramanindji'),
('LG449', 'A89', 'Pililuna'),
('LG450', 'A86', 'Martu Wangka'),
('LG451', 'N175', 'Galduyh'),
('LG452', 'W65', 'Djiraly'),
('LG453', 'N60', 'Dalabon'),
('LG454', 'A94', 'Witjaari'),
('LG455', 'N182', 'Gidjurra'),
('LG456', 'N170', 'Gumunggurdu'),
('LG457', 'N173', 'Kuninjku'),
('LG458', 'A9', 'Mirniny'),
('LG459', 'N941', 'Djinang'),
('LG460', 'C151', 'Wakirti Warlpiri'),
('LG461', 'N180', 'Urrirrk'),
('LG462', 'W66', 'Kongalmarawar'),
('LG463', 'N181', 'Wurdang'),
('LG464', 'N195', 'Dhamarrangdji'),
('LG465', 'N188', 'Garig'),
('LG466', 'Y11', 'Ngurand'),
('LG467', 'N191', 'Gunnarta'),
('LG468', 'C24', 'Manu'),
('LG469', 'N194', 'Buralka'),
('LG470', 'S261', 'Knenknenwurrung'),
('LG471', 'N205', 'Airiman'),
('LG472', 'C28', 'Akarre'),
('LG473', 'E67', 'Gathang'),
('LG474', 'N211', 'Nhangu'),
('LG475', 'N212', 'Gurryindi'),
('LG476', 'N213', 'Bindararr'),
('LG477', 'C30', 'Eastern Gurindji'),
('LG478', 'C31', 'Eastern Mudburra'),
('LG479', 'E76', 'Mununjali'),
('LG480', 'S311', 'Dja Dja Wurrung'),
('LG481', 'C34', 'Kartangarurru'),
('LG482', 'N223', 'Wandangbag'),
('LG483', 'C35', 'Kuwarranyji'),
('LG484', 'E98', 'Nymboidan'),
('LG485', 'N1', 'Nangor'),
('LG486', 'C3', 'Kokatha'),
('LG487', 'N24', 'Nangiblerbi'),
('LG488', 'N25', 'Warray'),
('LG489', 'N48', 'Wareidbug'),
('LG490', 'N29', 'Wuna'),
('LG491', 'N28', 'Nungali'),
('LG492', 'C41', 'Yarlpiri'),
('LG493', 'S211', 'Kulin'),
('LG494', 'C43', 'Ngaliya'),
('LG495', 'N32', 'Wulwulam'),
('LG496', 'C45', 'Nyiwanawu'),
('LG497', 'N33', 'Kamu'),
('LG498', 'C47', 'Western Arrarnta'),
('LG499', 'G12', 'Ayerrerenge'),
('LG500', 'C5', 'Antikirinya'),
('LG501', 'G19', 'Nguburinji'),
('LG502', 'C81', 'Anmatyerr'),
('LG503', 'G2', 'Ulaolinya'),
('LG504', 'N202', 'Djangu'),
('LG505', 'N204', 'Mildjingi'),
('LG506', 'D11', 'Pulaali'),
('LG507', 'G33', 'Kurtjar'),
('LG508', 'S46', 'Ngarigu  Ngarigo'),
('LG509', 'N52', 'Widjilg'),
('LG510', 'D18', 'Wangaaypuwan'),
('LG511', 'D15', 'Guyinbaraay'),
('LG512', 'D19', 'Nhaawuparlku'),
('LG513', 'N58', 'Jalakuru'),
('LG514', 'N116O', 'Manydjalpuyngu'),
('LG515', 'N59', 'Wengei'),
('LG516', 'D22', 'Ngiyampaa  Ngempa'),
('LG517', 'D20', 'Wayilwan'),
('LG518', 'N66', 'Urningangk'),
('LG519', 'N226', 'Kiyuk'),
('LG520', 'D25', 'Kurnu'),
('LG521', 'G40', 'Ngulupulu'),
('LG522', 'D29', 'Gambuwal'),
('LG523', 'G44', 'MayiYali'),
('LG524', 'N117', 'Djarrwark'),
('LG525', 'D34', 'Bigambul'),
('LG526', 'D37', 'Gunggari'),
('LG527', 'N81', 'Gunnartpa'),
('LG528', 'D3', 'Ngunawal  Ngunnawal'),
('LG529', 'N82', 'Burarra'),
('LG530', 'D40', 'Barunggam'),
('LG531', 'N1221', 'Gupapuyngu'),
('LG532', 'D46', 'Nguri'),
('LG533', 'N90', 'Ngandi'),
('LG534', 'N125', 'Gigi'),
('LG535', 'N91', 'Galwa'),
('LG536', 'D47', 'PaaRuntyi'),
('LG537', 'G48', 'Rangwa'),
('LG538', 'Y97', 'Muluridji'),
('LG539', 'D50', 'Nuntukuri'),
('LG540', 'G6', 'Pitta Pitta'),
('LG541', 'D57', 'Weraeria'),
('LG542', 'K14', 'Unggumi'),
('LG543', 'D59', 'Milpulo'),
('LG544', 'K20', 'Gija  Kija'),
('LG545', 'S12', 'Yirawirung'),
('LG546', 'S15', 'Bindjali  Bodaruwitj'),
('LG547', 'S17', 'Wergaia'),
('LG548', 'S16', 'Mardidjali'),
('LG549', 'N119', 'M”ìlarra'),
('LG550', 'D6', 'Marrawarra'),
('LG551', 'D71', 'Galali'),
('LG552', 'K22', 'Wunambal'),
('LG553', 'K32', 'Yiiji'),
('LG554', 'K38', 'Mariung'),
('LG555', 'S28', 'Dadi Dadi'),
('LG556', 'S69', 'Ngarrindjeri'),
('LG557', 'E15', 'Galibal'),
('LG558', 'S35', 'Boonwurrung'),
('LG559', 'E161', 'Dinggabal'),
('LG560', 'S73', 'Djargurd Wurrong'),
('LG561', 'E18', 'Minyangbal'),
('LG562', 'S39', 'Brataualung'),
('LG563', 'S52', 'Thawa'),
('LG564', 'S43', 'Gundungerre  Yaithmathang'),
('LG565', 'S71', 'Gadubanud'),
('LG566', 'S47', 'Walgalu'),
('LG567', 'S48', 'Krauatungalang'),
('LG568', 'S49', 'Bidawal'),
('LG569', 'E2', 'Warrimay'),
('LG570', 'K44', 'Miwa'),
('LG571', 'E35', 'Gungabula'),
('LG572', 'S72', 'Wichintunga'),
('LG573', 'E39', 'Wadjigu'),
('LG574', 'K45', 'Walar'),
('LG575', 'S76', 'Moatatunga'),
('LG576', 'N89', 'Buan'),
('LG577', 'E43', 'Yagalingu'),
('LG578', 'P2', 'Torres Strait Creole'),
('LG579', 'K63', 'Giwajbem'),
('LG580', 'T1', 'Northern Tasmanian'),
('LG581', 'S66', 'Awabakal'),
('LG582', 'S67', 'Yuin'),
('LG583', 'E4', 'Ngaku'),
('LG584', 'S6', 'Ngangaruku'),
('LG585', 'E50', 'Miyan'),
('LG586', 'Y141', 'Madhirdirl'),
('LG587', 'E51', 'Yambina'),
('LG588', 'E54', 'Yuwi'),
('LG589', 'S78', 'Pinejunga'),
('LG590', 'W17', 'Buluguda'),
('LG591', 'Y142', 'Mboaru'),
('LG592', 'S82', 'KoortKirrup'),
('LG593', 'W1', 'Bibulman'),
('LG594', 'S87', 'Nundadjali'),
('LG595', 'N88', 'Wubulkarra'),
('LG596', 'S86', 'Pirtpirtwurrung'),
('LG597', 'E61', 'Bindal'),
('LG598', 'S8', 'Yaraldi'),
('LG599', 'S98', 'Southern Ngarigu'),
('LG600', 'L18', 'Yandruwandha'),
('LG601', 'E65', 'Mandalgu'),
('LG602', 'T14', 'Piper River Tasmanian'),
('LG603', 'L29', 'Kunandaburi'),
('LG604', 'T12', 'Circular Head Tasmanian'),
('LG605', 'T13', 'Port Sorell Tasmanian'),
('LG606', 'E77', 'Nerang Creek'),
('LG607', 'E7', 'Gumbaynggirr'),
('LG608', 'Y113', 'Narkali'),
('LG609', 'T3', 'Northwestern Tasmanian'),
('LG610', 'T6', 'Macquarie Harbour Tasmanian'),
('LG611', 'L32', 'Karanya'),
('LG612', 'E83', 'Rakiwara'),
('LG613', 'W45', 'Watjanmay'),
('LG614', 'W13', 'Watjanti'),
('LG615', 'N31', 'Batjamalh'),
('LG616', 'W31', 'Yarnarri'),
('LG617', 'W4', 'Kaniyang'),
('LG618', 'W20', 'Maya'),
('LG619', 'W21', 'Tharrkari'),
('LG620', 'N132', 'Wurru'),
('LG621', 'W55', 'Jaburu'),
('LG622', 'W24', 'Burduna'),
('LG623', 'W25', 'Thiin'),
('LG624', 'E91', 'Marbal'),
('LG625', 'L35', 'Karuwali'),
('LG626', 'G11', 'Wonganya'),
('LG627', 'L39', 'Wadjabangai'),
('LG628', 'L41', 'Iningai'),
('LG629', 'G121', 'Bularnu'),
('LG630', 'L46', 'Nhirrpi'),
('LG631', 'W42', 'Northern Yingkarta'),
('LG632', 'W44', 'Janadjina'),
('LG633', 'G20', 'MayiYapi'),
('LG634', 'G18', 'Midjamba'),
('LG635', 'W47', 'Yapurarra'),
('LG636', 'G22', 'Balgalu'),
('LG637', 'W53', 'Wirlu'),
('LG638', 'G26', 'Mingginda'),
('LG639', 'W54', 'Yinigudira'),
('LG640', 'W61', 'Mijarranypa'),
('LG641', 'G27', 'Kalibamu'),
('LG642', 'L48', 'Ngananhina'),
('LG643', 'W62', 'Marntartka'),
('LG644', 'W63', 'Ngamangamara'),
('LG645', 'L55', 'Wailpi'),
('LG646', 'S19', 'Yuyu'),
('LG647', 'Y144', 'Ug Windjila'),
('LG648', 'G31', 'Gkuthaarn'),
('LG649', 'L64', 'Parpagunu'),
('LG650', 'Y145', 'Waigur'),
('LG651', 'N371', 'Uwinymil'),
('LG652', 'Y103', 'Kuku Kulunggur'),
('LG653', 'N46', 'Oitbi'),
('LG654', 'Y104', 'Kuku Wakura'),
('LG655', 'G34', 'Yukulta  Ganggalidda'),
('LG656', 'Y109', 'Kuku Djangun  Djungan'),
('LG657', 'Y114', 'Gunggay'),
('LG658', 'G38', 'Lardil'),
('LG659', 'Y111', 'Yirrgay'),
('LG660', 'Y146', 'Walboram'),
('LG661', 'N146', 'Marradhanggimirr'),
('LG662', 'N49', 'Nambuguja'),
('LG663', 'G39', 'Ogerliga'),
('LG664', 'G3', 'Kunkalanya'),
('LG665', 'G42', 'Dhidhani'),
('LG666', 'Y130', 'Biyay'),
('LG667', 'Y120', 'Njirma'),
('LG668', 'G47', 'Jangrala'),
('LG669', 'Y126', 'Gulngay'),
('LG670', 'G43', 'Kapula'),
('LG671', 'G49', 'Kok Narr'),
('LG672', 'N107', 'Yalukal'),
('LG673', 'N112', 'Marra'),
('LG674', 'Y46', 'Wik Adinda'),
('LG675', 'K13', 'Nyulnyul'),
('LG676', 'G91', 'Guwa'),
('LG677', 'Y139', 'Gunggarbara'),
('LG678', 'Y137', 'Bindaga'),
('LG679', 'Y138', 'Ganganda'),
('LG680', 'K16', 'Jawi'),
('LG681', 'Y151', 'Jirribarra Mamu'),
('LG682', 'K1', 'Yawuru'),
('LG683', 'Y155', 'Coonambella'),
('LG684', 'N139', 'Glpu'),
('LG685', 'Y157', 'Mbarmburmu'),
('LG686', 'Y156', 'Marrett River language'),
('LG687', 'K23', 'Andedja'),
('LG688', 'K28', 'Arawari'),
('LG689', 'N144', 'Bilamandyi'),
('LG690', 'K31', 'Wenambal'),
('LG691', 'N53', 'Mengerrdji'),
('LG692', 'Y163', 'Kuku Yalaja'),
('LG693', 'Y16', 'Ngadhugudi'),
('LG694', 'Y169', 'Kuuku Iyu'),
('LG695', 'K35', 'Wilawila'),
('LG696', 'W6', 'Bindjareb  Pinjarup'),
('LG697', 'N1491', 'Balamumu'),
('LG698', 'Y172', 'Wik Iyanh'),
('LG699', 'Y174', 'Kugu Mangk'),
('LG700', 'N12', 'Matngala'),
('LG701', 'N116U', 'Narrkala'),
('LG702', 'Y180', 'Nhawalgaba'),
('LG703', 'Y225', 'Wik Totjan'),
('LG704', 'Y185', 'Awngthim'),
('LG705', 'Y184', 'Uradhi'),
('LG706', 'K40', 'Gingara'),
('LG707', 'Y226', 'Wudjar'),
('LG708', 'K42', 'Wirngir'),
('LG709', 'N57', 'Jawoyn'),
('LG710', 'Y134', 'Warrgamay'),
('LG711', 'N6', 'Menthe'),
('LG712', 'Y193', 'Uyungkuthi'),
('LG713', 'N151', 'Anindilyakwa'),
('LG714', 'Y230', 'Muragan'),
('LG715', 'K46', 'Manungu'),
('LG716', 'Y198', 'Ogh Ikarranggal'),
('LG717', 'K48', 'Julbayi'),
('LG718', 'Y200', 'Kuuk Yak'),
('LG719', 'Y1', 'Kala Lagaw Ya'),
('LG720', 'K50', 'Doolboong'),
('LG721', 'Y203', 'Koko Babangk'),
('LG722', 'Y148', 'Wulbudjibur'),
('LG723', 'Y205', 'Ndwangith'),
('LG724', 'K51', 'Wawarl'),
('LG725', 'K54', 'Marangan'),
('LG726', 'Y209', 'Kok Wap'),
('LG727', 'N71', 'Kundjeyhmi'),
('LG728', 'Y160', 'Guluy'),
('LG729', 'Y213', 'Ungan'),
('LG730', 'K9', 'Nimanburru'),
('LG731', 'N131', 'Warramiri'),
('LG732', 'Y217', 'Kokokoko'),
('LG733', 'L11', 'Pirlatapa'),
('LG734', 'Y223', 'Kokoberrin'),
('LG735', 'L14', 'Dhirari'),
('LG736', 'Y221', 'Di:ru'),
('LG737', 'Y22', 'Kuuku Yau'),
('LG738', 'L15', 'Karenggapa'),
('LG739', 'N133', 'Wurunggugu'),
('LG740', 'L19', 'Dhiraila'),
('LG741', 'Y235', 'Dulgubarra Mamu'),
('LG742', 'Y68', 'Baraban'),
('LG743', 'N73', 'Rembarrnga'),
('LG744', 'L26', 'Punthamara'),
('LG745', 'L22', 'Ngamini'),
('LG746', 'L24', 'Ngurawala'),
('LG747', 'Y24', 'Thaynakwith'),
('LG748', 'N137', 'Manggalili'),
('LG749', 'Y162', 'Nyagali'),
('LG750', 'L33', 'Marula'),
('LG751', 'L37', 'Gulumali'),
('LG752', 'Y30', 'Ladamngid'),
('LG753', 'K70', 'Dayiba'),
('LG754', 'Y31', 'Mamangathi'),
('LG755', 'A124', 'Cundeelee Wangka'),
('LG756', 'L38', 'Kungkari'),
('LG757', 'Y36', 'Ngkoth'),
('LG758', 'Y34', 'Arraythinngith'),
('LG759', 'Y170', 'Kuuku Yani'),
('LG760', 'A92', 'Tjapanmay'),
('LG761', 'Y38', 'Yanganyu'),
('LG762', 'A93', 'Nhanhagardi'),
('LG763', 'Y41', 'Mbiywom'),
('LG764', 'Y42', 'Andjingith'),
('LG765', 'Y43', 'Kugu Muminh'),
('LG766', 'Y18', 'Ulwawadjana'),
('LG767', 'L45', 'Parlpamardramardra'),
('LG768', 'N78', 'Mangarrayi'),
('LG769', 'L49', 'Marunuda'),
('LG770', 'N145', 'Djapu'),
('LG771', 'Y51', 'Wik Ngatharr'),
('LG772', 'L51', 'Mikiringanha'),
('LG773', 'Y55', 'Morrobolam'),
('LG774', 'L52', 'Wangkakupa'),
('LG775', 'N149', 'Dhiyakuy'),
('LG776', 'L53', 'Piltapalta'),
('LG777', 'Y5', 'Kawalgaw Ya'),
('LG778', 'Y192', 'Andooyomo'),
('LG779', 'L56', 'Yarrumada'),
('LG780', 'Y194', 'Utyangikwathiya'),
('LG781', 'N157', 'Ngangi'),
('LG782', 'Y47', 'Wik Paach'),
('LG783', 'L6', 'Barngarla'),
('LG784', 'L70', 'Southern Dhirari'),
('LG785', 'N153', 'Yanyuwa'),
('LG786', 'L8', 'Malyangapa'),
('LG787', 'N159', 'Murrinhdiminin'),
('LG788', 'Y7', 'Angkamuthi'),
('LG789', 'N101', 'Liyagawumirr'),
('LG790', 'N163', 'Magati Ke'),
('LG791', 'Y206', 'Ogh Undjan'),
('LG792', 'N105', 'Gulunggurr'),
('LG793', 'Y211', 'Uutaalnganu'),
('LG794', 'Y86', 'Kuku Bididji'),
('LG795', 'Y87', 'Kuku Buyunji'),
('LG796', 'N109', 'Guyula'),
('LG797', 'E14', 'Gidhabal'),
('LG798', 'N111', 'Madarrpa'),
('LG799', 'Y90', 'Kuku Nyungkul'),
('LG800', 'Y54', 'Wik Ngathan'),
('LG801', 'P3', 'Broome Pearling Lugger Pidgin'),
('LG802', 'Y212', 'Kuuk Thayem'),
('LG803', 'Y94', 'Kuku Mini'),
('LG804', 'Y99', 'Kuku Yalunyu'),
('LG805', 'N162', 'Marri Amu'),
('LG806', 'P5', 'Kimberley Kriol'),
('LG807', 'N130', 'Golpa'),
('LG808', 'S22', 'Djadjala'),
('LG809', 'A100', 'Mardo'),
('LG810', 'E59', 'Ngaro'),
('LG811', 'A13', 'Widi'),
('LG812', 'A116', 'Nyiyaparli Padupadu'),
('LG813', 'A119', 'Kurdun'),
('LG814', 'A120', 'Yirrakalan'),
('LG815', 'A19', 'Wardal'),
('LG816', 'A24', 'Gurduwanga'),
('LG817', 'A2', 'Kalarku'),
('LG818', 'A29', 'Wawula'),
('LG819', 'A32', 'Nakako'),
('LG820', 'A37', 'Nanadjara'),
('LG821', 'A3', 'Ngadjumaya  Ngadju'),
('LG822', 'A511', 'Manyjilyjarra'),
('LG823', 'A59', 'Ibarga'),
('LG824', 'A64', 'Karajarri'),
('LG825', 'A66', 'Walmajarri'),
('LG826', 'A71', 'Nhugarn'),
('LG827', 'A77', 'Mijaranypa'),
('LG828', 'A83', 'Njangadjadjara'),
('LG829', 'A88', 'Juwaliny'),
('LG830', 'C12', 'Antekerrepenhe'),
('LG831', 'C15', 'Warlpiri'),
('LG832', 'C22', 'Jingulu'),
('LG833', 'C26', 'Gudanji'),
('LG834', 'C23', 'Gunindirri'),
('LG835', 'C2', 'Ngalia'),
('LG836', 'C33', 'Karranga'),
('LG837', 'S30', 'Gulidjan'),
('LG838', 'C38', 'Ngardilypa'),
('LG839', 'C42', 'Warrmarla'),
('LG840', 'C44', 'Wenamba'),
('LG841', 'C6', 'Pitjantjatjara'),
('LG842', 'D12', 'Paakantyi  Paakantji  Barkindji'),
('LG843', 'Y218', 'Cleveland Bay'),
('LG844', 'Y219', 'Alodja'),
('LG845', 'D27', 'Yuwaalaraay'),
('LG846', 'D21', 'Wanyuparlku'),
('LG847', 'D2', 'Yorta Yorta'),
('LG848', 'D32', 'Muruwari'),
('LG849', 'D38', 'Kogai'),
('LG850', 'N22', 'Malak Malak'),
('LG851', 'D45', 'Wadjalang  Dharawala'),
('LG852', 'D48', 'Parrintyi'),
('LG853', 'D53', 'Kuntakuri'),
('LG854', 'D61', 'Southern Paakantyi'),
('LG855', 'D68', 'Burabura'),
('LG856', 'E75', 'Nyangbal'),
('LG857', 'D8', 'Mutti Mutti  Muthi Muthi'),
('LG858', 'E10', 'Yaygirr'),
('LG859', 'E12', 'Bundjalung'),
('LG860', 'E23', 'Yuggera'),
('LG861', 'N174', 'Gurrigurri'),
('LG862', 'Y237', 'Athina'),
('LG863', 'S41', 'Brayakaulung'),
('LG864', 'E32', 'Gooreng Gooreng'),
('LG865', 'E36', 'Goeng Goeng'),
('LG866', 'E40', 'Gangulu'),
('LG867', 'E46', 'Darumbal'),
('LG868', 'E53', 'Baranha'),
('LG869', 'E57', 'Wiri'),
('LG870', 'E64', 'Ganulu'),
('LG871', 'E6', 'Dhanggati  Dunghutti'),
('LG872', 'E66', 'Yugarabul'),
('LG873', 'E79', 'Ngarahgwal'),
('LG874', 'E85', 'Gambalamam'),
('LG875', 'E95', 'Guringay'),
('LG876', 'E88', 'Garumngar'),
('LG877', 'G14', 'Indjilandji'),
('LG878', 'G1', 'Wangkamanha  Wankamadla'),
('LG879', 'G17', 'Ngawun'),
('LG880', 'G21', 'Mbara'),
('LG881', 'G25', 'MayiKulan'),
('LG882', 'G23', 'Waanyi'),
('LG883', 'G29', 'Gundara'),
('LG884', 'G32', 'Garandi'),
('LG885', 'G35', 'Kayardild'),
('LG886', 'G41', 'Parnkarra'),
('LG887', 'G52', 'Indjiladji'),
('LG888', 'G46', 'Bundjil'),
('LG889', 'G7', 'Ringu Ringu'),
('LG890', 'G8', 'Yalarnnga'),
('LG891', 'K11', 'Walki'),
('LG892', 'K15', 'Bardi'),
('LG893', 'K19', 'Guwij'),
('LG894', 'K29', 'Miriwoong  Miriuwung'),
('LG895', 'K27', 'Bemba'),
('LG896', 'K30', 'Malngin'),
('LG897', 'K34', 'Jiyil'),
('LG898', 'K36', 'Gunin'),
('LG899', 'K37', 'Arnga'),
('LG900', 'N178', 'Ngorrkgowo'),
('LG901', 'N177', 'Ngarlahmi'),
('LG902', 'K4', 'Ngumbarl'),
('LG903', 'K62', 'Bayimbarr'),
('LG904', 'K53', 'Yawijibaya'),
('LG905', 'K59', 'Gulunggulu'),
('LG906', 'Y28', 'Ungawangadi'),
('LG907', 'L17', 'Dieri'),
('LG908', 'L23', 'Yawarrawarrka'),
('LG909', 'L25', 'Wangkumara'),
('LG910', 'L27', 'Wangkangurru'),
('LG911', 'N18', 'Jaminjung'),
('LG912', 'L44', 'Yandjibara'),
('LG913', 'N198', 'Dhuwal'),
('LG914', 'L4', 'Nukunu'),
('LG915', 'Y32', 'Alngith'),
('LG916', 'N218', 'Mininggiri'),
('LG917', 'Y45', 'Umpila'),
('LG918', 'Y39', 'Ntrangith'),
('LG919', 'N102', 'Marri Ngarr'),
('LG920', 'L7', 'Yadliawara'),
('LG921', 'N100', 'Gamalangga'),
('LG922', 'N108', 'Liyagalawumirr'),
('LG923', 'N1131', 'Ngaladharr'),
('LG924', 'N116A', 'Bilin'),
('LG925', 'N116H', 'Djamundja'),
('LG926', 'N27', 'Wagiman'),
('LG927', 'Y49', 'Wik Elken'),
('LG928', 'N116', 'Dhuwaya'),
('LG929', 'N121', 'Ngarnka'),
('LG930', 'N123', 'Bunanatjini'),
('LG931', 'N124', 'Dhmalamirr'),
('LG932', 'N230', 'Yolngu Matha'),
('LG933', 'N140', 'Rirratjingu'),
('LG934', 'N227', 'Karaman'),
('LG935', 'Y50', 'Umpithamu'),
('LG936', 'N148', 'Gobadeindamirr'),
('LG937', 'N421', 'Bugurnidja'),
('LG938', 'N155', 'Garrwa'),
('LG939', 'N15', 'Emmi'),
('LG940', 'Y56', 'Wik Ngathanya'),
('LG941', 'N168', 'Djimbilirri'),
('LG942', 'N179', 'Ngardawuli'),
('LG943', 'Y64', 'Pakanh'),
('LG944', 'N186', 'Bininj Kunwok'),
('LG945', 'N189', 'Mukngirru'),
('LG946', 'N17', 'Ngengiwumirri'),
('LG947', 'Y66', 'Wurangung'),
('LG948', 'N183', 'Manangkarri'),
('LG949', 'N5', 'Alura'),
('LG950', 'N206', 'Djadiwitjibi'),
('LG951', 'N20', 'Tiwi'),
('LG952', 'N192', 'Dhangu'),
('LG953', 'N190', 'Gunnarda'),
('LG954', 'N224', 'Gonbudj'),
('LG955', 'Y6', 'Djagaraga'),
('LG956', 'N196', 'Nyekuymirri'),
('LG957', 'N26', 'Yunggor'),
('LG958', 'N201', 'Gumadir'),
('LG959', 'N36', 'Bilinarra'),
('LG960', 'N37', 'Wurrugu'),
('LG961', 'N208', 'Munggurrpi'),
('LG962', 'N43', 'Mbukarla'),
('LG963', 'N217', 'Buwarrpuwarr'),
('LG964', 'N51', 'Wada'),
('LG965', 'N68', 'Yangman'),
('LG966', 'N221', 'Muralidban'),
('LG967', 'N220', 'Giimbiyu'),
('LG968', 'N115', 'Djambarrpuyngu'),
('LG969', 'N114', 'Budalpudal'),
('LG970', 'N116D', 'Dholpuyngu'),
('LG971', 'N138', 'Binbinka'),
('LG972', 'N141', 'Gumatj'),
('LG973', 'Y78', 'Kuku Yalanji'),
('LG974', 'N152', 'Walu'),
('LG975', 'Y81', 'Kuku Walandja'),
('LG976', 'N160', 'Ngangimerri'),
('LG977', 'N164', 'Mariyedi'),
('LG978', 'N165', 'Marrabanggu'),
('LG979', 'N169', 'Kerniynmi'),
('LG980', 'N79', 'Walamangu'),
('LG981', 'N176', 'Letpurrirt'),
('LG982', 'N85', 'Yugul'),
('LG983', 'N8', 'Ngangikurunggurr'),
('LG984', 'N185', 'Burdinmanduwij'),
('LG985', 'N87', 'Manyarring'),
('LG986', 'N19', 'Ngaliwurru'),
('LG987', 'N193', 'Golumala'),
('LG988', 'N197', 'Wutjara'),
('LG989', 'N199', 'Dhuwala'),
('LG990', 'N210', 'Walmapuy'),
('LG991', 'S5', 'Peramangk'),
('LG992', 'N207', 'Wora'),
('LG993', 'N209', 'Dbi'),
('LG994', 'N216', 'Ngurruwula'),
('LG995', 'N219', 'Manggurra'),
('LG996', 'Y92', 'Kuku Yanyu'),
('LG997', 'N225', 'Meritjamui'),
('LG998', 'N228', 'Bararrpararr'),
('LG999', 'Y93', 'Koko Dhawa'),
('LG1000', 'N30', 'Djowei'),
('LG1001', 'N35', 'Wardaman'),
('LG1002', 'Y95', 'Kutjal'),
('LG1003', 'N39', 'Iwaidja'),
('LG1004', 'N40', 'Ngaduk'),
('LG1005', 'N45', 'Marrku'),
('LG1006', 'N50', 'Gaagudju'),
('LG1007', 'N55', 'Erre'),
('LG1008', 'N56', 'Gundudj'),
('LG1009', 'S68', 'Kurnai'),
('LG1010', 'N65', 'Kunwinjku'),
('LG1011', 'N69', 'Kunbarlang'),
('LG1012', 'N70', 'Kune'),
('LG1013', 'N72', 'Yannhangu'),
('LG1014', 'N74', 'Ndj©bbana'),
('LG1015', 'N75', 'Gurrgoni'),
('LG1016', 'N80', 'Nakkara'),
('LG1017', 'Y59', 'Kugu Nganhcara'),
('LG1018', 'N84', 'Djarawala'),
('LG1019', 'N92', 'Alawa'),
('LG1020', 'N94', 'Balmbi'),
('LG1021', 'N96', 'Dhaygurrgurr'),
('LG1022', 'S14', 'Meintangk'),
('LG1023', 'S70', 'Buibadjali'),
('LG1024', 'N9', 'Marridan'),
('LG1025', 'N97', 'Djinba'),
('LG1026', 'S10', 'Ngawadj'),
('LG1027', 'S11', 'Tanganekald'),
('LG1028', 'S25', 'Keerray Woorroong'),
('LG1029', 'Y631', 'Barrow Point'),
('LG1030', 'S20', 'Dhauwurd Wurrung'),
('LG1031', 'S32', 'Lewurung'),
('LG1032', 'S24', 'Jari Jari'),
('LG1033', 'S45', 'Brabralung'),
('LG1034', 'S54', 'Walbunja'),
('LG1035', 'S75', 'Koornkopanoot'),
('LG1036', 'S2', 'Ramindjeri'),
('LG1037', 'S62', 'Kuringgai'),
('LG1038', 'S81', 'Wulluwurrung'),
('LG1039', 'S37', 'Taungurung'),
('LG1040', 'S40', 'Bangerang'),
('LG1041', 'S42', 'Tatungalung'),
('LG1042', 'S85', 'Biwadjali'),
('LG1043', 'S93', 'Ngarad'),
('LG1044', 'T10', 'Southwestern Tasmanian'),
('LG1045', 'S51', 'Dyirringa'),
('LG1046', 'T8', 'Big River Tasmanian'),
('LG1047', 'W69', 'Marndanjingu'),
('LG1048', 'S53', 'Dhurga'),
('LG1049', 'W11', 'Yuat'),
('LG1050', 'S55', 'Wandandian'),
('LG1051', 'S58', 'Southern Dharawal'),
('LG1052', 'W34', 'Pinikura'),
('LG1053', 'W38', 'Ngarluma'),
('LG1054', 'S60', 'Gundungurra  Gandangara'),
('LG1055', 'W18', 'Malgana'),
('LG1056', 'W50', 'Jindijind'),
('LG1057', 'S74', 'Gaiwurrung'),
('LG1058', 'W22', 'Warriyangga'),
('LG1059', 'S7', 'Ngayawang'),
('LG1060', 'S80', 'Wirngilgnad dhalinanong'),
('LG1061', 'S83', 'Nguraiillamwurrung'),
('LG1062', 'S92', 'Wathurung'),
('LG1063', 'Y118', 'Waribarra Mamu'),
('LG1064', 'S94', 'Jupagalk'),
('LG1065', 'Y123', 'Dyirbal  Jirrbal'),
('LG1066', 'S9', 'Ngarkat'),
('LG1067', 'T11', 'Robbins Island Tasmanian'),
('LG1068', 'T4', 'North Midlands Tasmanian'),
('LG1069', 'T5', 'Southeastern Tasmanian'),
('LG1070', 'Y159', 'Gugu Dyilin'),
('LG1071', 'Y171', 'Ogh Igadj'),
('LG1072', 'T9', 'Cape Portland Tasmanian'),
('LG1073', 'Y168', 'Waguurrga'),
('LG1074', 'W16', 'Damala'),
('LG1075', 'W28', 'Jiwarli'),
('LG1076', 'Y179', 'Wantjika'),
('LG1077', 'Y89', 'Kuku Tungay'),
('LG1078', 'W2', 'Mirnang  Mineng'),
('LG1079', 'W37', 'Yindjibarndi'),
('LG1080', 'W33', 'Jurruru'),
('LG1081', 'W40', 'Ngarla'),
('LG1082', 'W51', 'Malygaru'),
('LG1083', 'Y202', 'Ndrangith'),
('LG1084', 'W3', 'Wardandi'),
('LG1085', 'W43', 'Pulinya'),
('LG1086', 'W59', 'Ngarluma Padupadu'),
('LG1087', 'W68', 'Purnukundi'),
('LG1088', 'W49', 'Jadira'),
('LG1089', 'Y21', 'Nyuwathayi'),
('LG1090', 'Y220', 'Biyay'),
('LG1091', 'W52', 'Nokaan'),
('LG1092', 'W9', 'Wajuk'),
('LG1093', 'Y232', 'Yatay'),
('LG1094', 'W70', 'Jaurnmalu'),
('LG1095', 'Y238', 'Injinoo Ikya'),
('LG1096', 'Y102', 'Tjapatja'),
('LG1097', 'Y106', 'Djabugay  Tjapukai'),
('LG1098', 'Y37', 'Trotj'),
('LG1099', 'W7', 'Wiilman'),
('LG1100', 'Y3', 'Meriam Mir'),
('LG1101', 'Y48', 'Wik Ompom'),
('LG1102', 'Y100', 'Koko Kaikai'),
('LG1103', 'Y128', 'Gugu Badhun'),
('LG1104', 'Y101', 'Uw Oykangand'),
('LG1105', 'Y129', 'Nywaigi'),
('LG1106', 'Y10', 'Wuthathi'),
('LG1107', 'Y135', 'Wulgurukaba'),
('LG1108', 'Y76', 'Gwandera'),
('LG1109', 'Y110', 'Bulway'),
('LG1110', 'Y116', 'Djandjandji'),
('LG1111', 'Y83', 'Kunjen'),
('LG1112', 'Y121', 'Ngadjon'),
('LG1113', 'Y85', 'Koko Bera'),
('LG1114', 'P6', 'Gurindji Kriol'),
('LG1115', 'Y122', 'Mamu'),
('LG1116', 'Y153', 'Buluguyban'),
('LG1117', 'N38', 'Dagoman'),
('LG1118', 'N34', 'Garama'),
('LG1119', 'N401', 'Ngombur'),
('LG1120', 'N64', 'Mawng'),
('LG1121', 'N77', 'Ngalakgan'),
('LG1122', 'N83', 'Ganhalpuyngu'),
('LG1123', 'N93', 'Wulkara'),
('LG1124', 'P1', 'Kriol'),
('LG1125', 'S23', 'Latji Latji'),
('LG1126', 'S13', 'Bungandidj'),
('LG1127', 'S26', 'Djab Wurrung'),
('LG1128', 'S3', 'Portaulun'),
('LG1129', 'S59', 'Dharawal'),
('LG1130', 'S61', 'Eora'),
('LG1131', 'S63', 'Wanarruwa'),
('LG1132', 'S84', 'Jagwadjali'),
('LG1133', 'S91', 'Nulit'),
('LG1134', 'W14', 'Nhanda'),
('LG1135', 'T2', 'Oyster Bay Tasmanian'),
('LG1136', 'W19', 'Yingkarta'),
('LG1137', 'W23', 'Bayungu'),
('LG1138', 'W26', 'Thalanyji'),
('LG1139', 'W35', 'Martuthunira'),
('LG1140', 'W36', 'Kurrama'),
('LG1141', 'W41', 'Noongar  Nyoongar'),
('LG1142', 'W46', 'Southern Yingkarta'),
('LG1143', 'W8', 'Wudjari'),
('LG1144', 'Y107', 'Areba'),
('LG1145', 'Y173', 'WikKeyangan'),
('LG1146', 'Y117', 'Yidinj'),
('LG1147', 'Y115', 'Mbabaram'),
('LG1148', 'Y119', 'Madjay'),
('LG1149', 'Y133', 'Warrungu'),
('LG1150', 'Y127', 'Girramay'),
('LG1151', 'Y12', 'Luthigh'),
('LG1152', 'Y149', 'Jabunbarra Jirrbal'),
('LG1153', 'Y17', 'Itinadyana'),
('LG1154', 'Y136', 'Mbarrumbathama'),
('LG1155', 'Y14', 'Yangathimri'),
('LG1156', 'Y154', 'Mulgu'),
('LG1157', 'Y15', 'Teppathiggi'),
('LG1158', 'Y167', 'Dhalundhirr'),
('LG1159', 'Y175', 'Kugu Ugbanh'),
('LG1160', 'Y187', 'Mutyanthi'),
('LG1161', 'Y188', 'Kokiny'),
('LG1162', 'Y190', 'Yumukuntyi'),
('LG1163', 'Y191', 'Gudang'),
('LG1164', 'Y19', 'Yuputhimri'),
('LG1165', 'Y208', 'Uw Olem'),
('LG1166', 'Y199', 'Ogh Alungul'),
('LG1167', 'Y204', 'Koko Beberam'),
('LG1168', 'Y214', 'YirrkThangalkl'),
('LG1169', 'Y215', 'Kuuk Thaayunth'),
('LG1170', 'Y228', 'Ithu'),
('LG1171', 'Y236', 'Yintyingka'),
('LG1172', 'Y239', 'Mabuyag'),
('LG1173', 'Y216', 'Ngaygungu'),
('LG1174', 'Y229', 'Adithinngithigh'),
('LG1175', 'Y44', 'Kaanju  Kaantju'),
('LG1176', 'Y33', 'Gudjandju'),
('LG1177', 'Y53', 'Wik Meanh'),
('LG1178', 'Y60', 'Ayapathu'),
('LG1179', 'Y73', 'Uw Olkola'),
('LG1180', 'Y74', 'Gugu Yawa'),
('LG1181', 'Y71', 'Gugu Rarmul'),
('LG1182', 'Y82', 'Guugu Yimithirr'),
('LG1183', 'C48', 'Arandic'),
('LG1184', 'Y98', 'Kuku Waldja  Wulpura');

--
-- Indexes for dumped tables
--

--
-- Indexes for table `accessrequest`
--
ALTER TABLE `accessrequest`
  ADD PRIMARY KEY (`requestID`),
  ADD KEY `idx_accessrequest_item` (`itemID`),
  ADD KEY `idx_accessrequest_status` (`requestStatus`);

--
-- Indexes for table `approval`
--
ALTER TABLE `approval`
  ADD PRIMARY KEY (`approvalID`),
  ADD UNIQUE KEY `uq_approval_request` (`requestID`),
  ADD KEY `idx_approval_user` (`userID`);

--
-- Indexes for table `assessmentcomment`
--
ALTER TABLE `assessmentcomment`
  ADD PRIMARY KEY (`commentID`),
  ADD KEY `idx_assessmentcomment_assessment` (`assessmentID`),
  ADD KEY `idx_assessmentcomment_user` (`userID`);

--
-- Indexes for table `assessmentrecord`
--
ALTER TABLE `assessmentrecord`
  ADD PRIMARY KEY (`assessmentID`),
  ADD KEY `idx_assessmentrecord_item` (`itemID`);

--
-- Indexes for table `collection`
--
ALTER TABLE `collection`
  ADD PRIMARY KEY (`collectionID`),
  ADD UNIQUE KEY `uq_collection_name` (`collectionName`);

--
-- Indexes for table `collectionitem`
--
ALTER TABLE `collectionitem`
  ADD PRIMARY KEY (`itemID`),
  ADD KEY `idx_collectionitem_collection` (`collectionID`),
  ADD KEY `idx_collectionitem_title` (`title`(191)),
  ADD KEY `idx_collectionitem_status` (`status`);

--
-- Indexes for table `culturalmetadata`
--
ALTER TABLE `culturalmetadata`
  ADD PRIMARY KEY (`metadataID`),
  ADD UNIQUE KEY `uq_culturalmetadata_item` (`itemID`),
  ADD KEY `idx_culturalmetadata_access` (`accessLevel`);

--
-- Indexes for table `roles`
--
ALTER TABLE `roles`
  ADD PRIMARY KEY (`roleID`),
  ADD UNIQUE KEY `roleID` (`roleID`),
  ADD UNIQUE KEY `name` (`name`),
  ADD KEY `permissions` (`permissions`);

--
-- Indexes for table `users`
--
ALTER TABLE `users`
  ADD PRIMARY KEY (`userID`);

--
-- Constraints for dumped tables
--

--
-- Constraints for table `accessrequest`
--
ALTER TABLE `accessrequest`
  ADD CONSTRAINT `fk_accessrequest_item` FOREIGN KEY (`itemID`) REFERENCES `collectionitem` (`itemID`) ON DELETE CASCADE ON UPDATE CASCADE;

--
-- Constraints for table `assessmentcomment`
--
ALTER TABLE `assessmentcomment`
  ADD CONSTRAINT `fk_assessmentcomment_assessment` FOREIGN KEY (`assessmentID`) REFERENCES `assessmentrecord` (`assessmentID`) ON DELETE CASCADE ON UPDATE CASCADE,
  ADD CONSTRAINT `fk_assessmentcomment_user` FOREIGN KEY (`userID`) REFERENCES `users` (`userID`) ON UPDATE CASCADE;

--
-- Constraints for table `assessmentrecord`
--
ALTER TABLE `assessmentrecord`
  ADD CONSTRAINT `fk_assessmentrecord_item` FOREIGN KEY (`itemID`) REFERENCES `collectionitem` (`itemID`) ON DELETE CASCADE ON UPDATE CASCADE;

--
-- Constraints for table `collectionitem`
--
ALTER TABLE `collectionitem`
  ADD CONSTRAINT `fk_collectionitem_collection` FOREIGN KEY (`collectionID`) REFERENCES `collection` (`collectionID`) ON UPDATE CASCADE;

--
-- Constraints for table `culturalmetadata`
--
ALTER TABLE `culturalmetadata`
  ADD CONSTRAINT `fk_culturalmetadata_item` FOREIGN KEY (`itemID`) REFERENCES `collectionitem` (`itemID`) ON DELETE CASCADE ON UPDATE CASCADE;
COMMIT;

/*!40101 SET CHARACTER_SET_CLIENT=@OLD_CHARACTER_SET_CLIENT */;
/*!40101 SET CHARACTER_SET_RESULTS=@OLD_CHARACTER_SET_RESULTS */;
/*!40101 SET COLLATION_CONNECTION=@OLD_COLLATION_CONNECTION */;
