-- MySQL dump 10.13  Distrib 8.0.46, for Win64 (x86_64)
--
-- Host: 127.0.0.1    Database: winhanganha_archive
-- ------------------------------------------------------
-- Server version	8.0.46

CREATE DATABASE IF NOT EXISTS winhanganha_archive;
USE winhanganha_archive;

/*!40101 SET @OLD_CHARACTER_SET_CLIENT=@@CHARACTER_SET_CLIENT */;
/*!40101 SET @OLD_CHARACTER_SET_RESULTS=@@CHARACTER_SET_RESULTS */;
/*!40101 SET @OLD_COLLATION_CONNECTION=@@COLLATION_CONNECTION */;
/*!50503 SET NAMES utf8 */;
/*!40103 SET @OLD_TIME_ZONE=@@TIME_ZONE */;
/*!40103 SET TIME_ZONE='+00:00' */;
/*!40014 SET @OLD_UNIQUE_CHECKS=@@UNIQUE_CHECKS, UNIQUE_CHECKS=0 */;
/*!40014 SET @OLD_FOREIGN_KEY_CHECKS=@@FOREIGN_KEY_CHECKS, FOREIGN_KEY_CHECKS=0 */;
/*!40101 SET @OLD_SQL_MODE=@@SQL_MODE, SQL_MODE='NO_AUTO_VALUE_ON_ZERO' */;
/*!40111 SET @OLD_SQL_NOTES=@@SQL_NOTES, SQL_NOTES=0 */;

--
-- Table structure for table `accessrequest`
--

DROP TABLE IF EXISTS `accessrequest`;
/*!40101 SET @saved_cs_client     = @@character_set_client */;
/*!50503 SET character_set_client = utf8mb4 */;
CREATE TABLE `accessrequest` (
  `requestID` varchar(20) CHARACTER SET utf8mb4 COLLATE utf8mb4_unicode_ci NOT NULL,
  `itemID` varchar(20) CHARACTER SET utf8mb4 COLLATE utf8mb4_unicode_ci NOT NULL,
  `userID` varchar(20) CHARACTER SET utf8mb4 COLLATE utf8mb4_unicode_ci NOT NULL,
  `requestDate` date NOT NULL,
  `requestStatus` varchar(50) CHARACTER SET utf8mb4 COLLATE utf8mb4_unicode_ci NOT NULL DEFAULT 'Pending',
  `purpose` text CHARACTER SET utf8mb4 COLLATE utf8mb4_unicode_ci NOT NULL,
  PRIMARY KEY (`requestID`),
  KEY `idx_accessrequest_item` (`itemID`),
  KEY `idx_accessrequest_status` (`requestStatus`),
  CONSTRAINT `fk_accessrequest_item` FOREIGN KEY (`itemID`) REFERENCES `collectionitem` (`itemID`) ON DELETE CASCADE ON UPDATE CASCADE
) ENGINE=InnoDB DEFAULT CHARSET=utf8mb4 COLLATE=utf8mb4_unicode_ci;
/*!40101 SET character_set_client = @saved_cs_client */;

--
-- Dumping data for table `accessrequest`
--

LOCK TABLES `accessrequest` WRITE;
/*!40000 ALTER TABLE `accessrequest` DISABLE KEYS */;
INSERT INTO `accessrequest` (`requestID`, `itemID`, `userID`, `requestDate`, `requestStatus`, `purpose`) VALUES ('Q010', 'I001', 'U006', '2026-06-23', 'Pending', 'Asking access for the study reasons.'), ('Q011', 'I007', 'U006', '2026-06-23', 'Pending', 'Asking access for the study reasons.');
/*!40000 ALTER TABLE `accessrequest` ENABLE KEYS */;
UNLOCK TABLES;

--
-- Table structure for table `assessmentcomment`
--

DROP TABLE IF EXISTS `assessmentcomment`;
/*!40101 SET @saved_cs_client     = @@character_set_client */;
/*!50503 SET character_set_client = utf8mb4 */;
CREATE TABLE `assessmentcomment` (
  `commentID` varchar(20) CHARACTER SET utf8mb4 COLLATE utf8mb4_unicode_ci NOT NULL,
  `assessmentID` varchar(20) CHARACTER SET utf8mb4 COLLATE utf8mb4_unicode_ci NOT NULL,
  `userID` varchar(10) CHARACTER SET utf8mb4 COLLATE utf8mb4_unicode_ci NOT NULL,
  `commentText` text CHARACTER SET utf8mb4 COLLATE utf8mb4_unicode_ci NOT NULL,
  `commentDate` date NOT NULL,
  PRIMARY KEY (`commentID`),
  KEY `idx_assessmentcomment_assessment` (`assessmentID`),
  KEY `idx_assessmentcomment_user` (`userID`),
  CONSTRAINT `fk_assessmentcomment_assessment` FOREIGN KEY (`assessmentID`) REFERENCES `assessmentrecord` (`assessmentID`) ON DELETE CASCADE ON UPDATE CASCADE,
  CONSTRAINT `fk_assessmentcomment_user` FOREIGN KEY (`userID`) REFERENCES `users` (`userID`) ON UPDATE CASCADE
) ENGINE=InnoDB DEFAULT CHARSET=utf8mb4 COLLATE=utf8mb4_unicode_ci;
/*!40101 SET character_set_client = @saved_cs_client */;

--
-- Dumping data for table `assessmentcomment`
--

LOCK TABLES `assessmentcomment` WRITE;
/*!40000 ALTER TABLE `assessmentcomment` DISABLE KEYS */;
INSERT INTO `assessmentcomment` VALUES ('AC001','A010','U005','this needs further consultation with the community before release','2026-06-30'),('AC002','A010','U001','Agreed we will table this at the next community meeting','2026-06-30'),('AC003','A017','U001','This is basic iinformation that can be released publicly ','2026-06-30'),('AC004','A017','U004','Thank you Aunty I agree with this assessment','2026-06-30'),('AC005','A010','U004','Hi Aunty the next meeting is 16/07/2026 all decision makers should be in attendance','2026-06-30'),('AC006','A010','U004','correction meeting is 17/07/2026','2026-06-30');
/*!40000 ALTER TABLE `assessmentcomment` ENABLE KEYS */;
UNLOCK TABLES;

--
-- Table structure for table `assessmentrecord`
--

DROP TABLE IF EXISTS `assessmentrecord`;
/*!40101 SET @saved_cs_client     = @@character_set_client */;
/*!50503 SET character_set_client = utf8mb4 */;
CREATE TABLE `assessmentrecord` (
  `assessmentID` varchar(20) CHARACTER SET utf8mb4 COLLATE utf8mb4_unicode_ci NOT NULL,
  `itemID` varchar(20) CHARACTER SET utf8mb4 COLLATE utf8mb4_unicode_ci NOT NULL,
  `userID` varchar(10) CHARACTER SET utf8mb4 COLLATE utf8mb4_unicode_ci NOT NULL,
  `assessmentDate` date NOT NULL,
  `assessmentOutcome` varchar(150) CHARACTER SET utf8mb4 COLLATE utf8mb4_unicode_ci NOT NULL,
  `notes` text CHARACTER SET utf8mb4 COLLATE utf8mb4_unicode_ci NOT NULL,
  PRIMARY KEY (`assessmentID`),
  KEY `idx_assessmentrecord_item` (`itemID`),
  CONSTRAINT `fk_assessmentrecord_item` FOREIGN KEY (`itemID`) REFERENCES `collectionitem` (`itemID`) ON DELETE CASCADE ON UPDATE CASCADE
) ENGINE=InnoDB DEFAULT CHARSET=utf8mb4 COLLATE=utf8mb4_unicode_ci;
/*!40101 SET character_set_client = @saved_cs_client */;

--
-- Dumping data for table `assessmentrecord`
--

LOCK TABLES `assessmentrecord` WRITE;
/*!40000 ALTER TABLE `assessmentrecord` DISABLE KEYS */;
INSERT INTO `assessmentrecord` VALUES ('A001','I001','U005','2026-06-29','Release with restricted access','test reason'),('A002','I002','U005','2026-06-30','Release with restricted access','Initial submission'),('A003','I003','U005','2026-06-30','Release publicly','Initial submission'),('A004','I004','U005','2026-06-30','Release publicly','Initial submission'),('A005','I005','U005','2026-06-30','Keep private','Initial submission'),('A006','I006','U005','2026-06-30','Release publicly','Initial submission'),('A007','I007','U005','2026-06-30','Release with restricted access','Initial submission'),('A008','I008','U005','2026-06-30','Release with restricted access','Initial submission'),('A009','I009','U005','2026-06-30','Release with restricted access','Initial submission'),('A010','I010','U005','2026-06-30','Under Review','Initial submission'),('A011','I011','U005','2026-06-30','Release with restricted access','Initial submission'),('A012','I012','U005','2026-06-30','Release with restricted access','Initial submission'),('A013','I013','U005','2026-06-30','Release publicly','Initial submission'),('A014','I014','U005','2026-06-30','Release with restricted access','Initial submission'),('A015','I015','U005','2026-06-30','Release publicly','Initial submission'),('A016','I016','U005','2026-06-30','Release publicly','Initial submission'),('A017','I017','U005','2026-06-30','Under Review','Initial submission');
/*!40000 ALTER TABLE `assessmentrecord` ENABLE KEYS */;
UNLOCK TABLES;

--
-- Table structure for table `collection`
--

DROP TABLE IF EXISTS `collection`;
/*!40101 SET @saved_cs_client     = @@character_set_client */;
/*!50503 SET character_set_client = utf8mb4 */;
CREATE TABLE `collection` (
  `collectionID` varchar(10) CHARACTER SET utf8mb4 COLLATE utf8mb4_unicode_ci NOT NULL,
  `collectionName` varchar(150) CHARACTER SET utf8mb4 COLLATE utf8mb4_unicode_ci NOT NULL,
  `description` text CHARACTER SET utf8mb4 COLLATE utf8mb4_unicode_ci NOT NULL,
  PRIMARY KEY (`collectionID`),
  UNIQUE KEY `uq_collection_name` (`collectionName`)
) ENGINE=InnoDB DEFAULT CHARSET=utf8mb4 COLLATE=utf8mb4_unicode_ci;
/*!40101 SET character_set_client = @saved_cs_client */;

--
-- Dumping data for table `collection`
--

LOCK TABLES `collection` WRITE;
/*!40000 ALTER TABLE `collection` DISABLE KEYS */;
INSERT INTO `collection` VALUES ('C001','Language Resources','Language records, word lists and place-name materials'),('C002','Oral Histories','Recorded community stories and interviews'),('C003','Historical Records','Images, documents and archival records');
/*!40000 ALTER TABLE `collection` ENABLE KEYS */;
UNLOCK TABLES;

--
-- Table structure for table `collectionitem`
--

DROP TABLE IF EXISTS `collectionitem`;
/*!40101 SET @saved_cs_client     = @@character_set_client */;
/*!50503 SET character_set_client = utf8mb4 */;
CREATE TABLE `collectionitem` (
  `itemID` varchar(20) CHARACTER SET utf8mb4 COLLATE utf8mb4_unicode_ci NOT NULL,
  `collectionID` varchar(10) CHARACTER SET utf8mb4 COLLATE utf8mb4_unicode_ci NOT NULL,
  `languageGroupID` varchar(10) CHARACTER SET utf8mb4 COLLATE utf8mb4_unicode_ci DEFAULT NULL,
  `title` varchar(255) CHARACTER SET utf8mb4 COLLATE utf8mb4_unicode_ci NOT NULL,
  `description` text CHARACTER SET utf8mb4 COLLATE utf8mb4_unicode_ci NOT NULL,
  `itemType` varchar(100) CHARACTER SET utf8mb4 COLLATE utf8mb4_unicode_ci NOT NULL,
  `imagePath` varchar(255) CHARACTER SET utf8mb4 COLLATE utf8mb4_unicode_ci NOT NULL DEFAULT 'img/placeholder.png',
  `recordPath` varchar(256) CHARACTER SET utf8mb4 COLLATE utf8mb4_unicode_ci NOT NULL,
  `place` varchar(150) CHARACTER SET utf8mb4 COLLATE utf8mb4_unicode_ci DEFAULT NULL,
  `status` varchar(50) CHARACTER SET utf8mb4 COLLATE utf8mb4_unicode_ci NOT NULL,
  `format` varchar(100) CHARACTER SET utf8mb4 COLLATE utf8mb4_unicode_ci DEFAULT NULL,
  `dateAdded` date DEFAULT NULL,
  `dateRecorded` varchar(50) CHARACTER SET utf8mb4 COLLATE utf8mb4_unicode_ci DEFAULT NULL,
  PRIMARY KEY (`itemID`),
  KEY `idx_collectionitem_collection` (`collectionID`),
  KEY `idx_collectionitem_title` (`title`(191)),
  KEY `idx_collectionitem_status` (`status`),
  CONSTRAINT `fk_collectionitem_collection` FOREIGN KEY (`collectionID`) REFERENCES `collection` (`collectionID`) ON UPDATE CASCADE
) ENGINE=InnoDB DEFAULT CHARSET=utf8mb4 COLLATE=utf8mb4_unicode_ci;
/*!40101 SET character_set_client = @saved_cs_client */;

--
-- Dumping data for table `collectionitem`
--

LOCK TABLES `collectionitem` WRITE;
/*!40000 ALTER TABLE `collectionitem` DISABLE KEYS */;
INSERT INTO `collectionitem` VALUES ('I001','C003','LG1001','Aboriginal axe-grinding grooves','Axe-grinding grooves are oval-shaped \r\nindentations in sandstone outcrops. \r\nAboriginal people made the grooves \r\nwhen they shaped and sharpened \r\nstone axes by grinding them against \r\nthe sandstone.\r\nFlat, low outcrops of fine-grained \r\nsandstone were used to give stone \r\naxe heads a sharp cutting edge.\r\nSometimes, Aboriginal people also \r\ncarried small pieces of sandstone for \r\nsharpening axes, and these portable \r\npieces were often gouged on more \r\nthan one surface.\r\nOther Aboriginal artefacts are \r\nsometimes found near axe-grinding \r\ngrooves.','Document','uploads/43b94e20d3ad4f0493c07407c9405c4c.png','uploads/dfd35a5a6bd84b6db6e1554e22544ae1.pdf','sandstone outcrop','Restricted','PDF document','2026-06-29',NULL),('I002','C003','LG53','Aboriginal burial places','Aboriginal burial places or graves contain Ancestral Remains – the whole or part of the body of an Aboriginal person from the past. They are normally found as clusters of human bones eroding from the ground or exposed during ground disturbance.\r\nAboriginal customs for honouring the dead varied greatly across Victoria, but burial was common. Aboriginal burial places normally contain the remains of one or two people, although cemeteries that contain the remains of hundreds of people buried over thousands of years have been found. Sometimes the deceased was buried with personal ornaments and artefacts, known as grave goods\r\nCharcoal and ochre are also often found in burial places.\r\n','Document','uploads/88d0394326414af29729dd8791d1398d.png','uploads/1aacb41a5bcb4b179c051b491c9da4c5.pdf','Hawkesbury River ','Restricted','PDF document','2026-06-30',NULL),('I003','C003','LG1001','Aboriginal coastal shell middens','Shell middens are the remains of meals of shellfish once gathered and eaten by Aboriginal people.\r\nAboriginal people gathered a range of shellfish species. They were gathered from rock platforms and from the sandy shores of ocean beaches, river inlets, estuaries and bays. On rock platforms, shellfish such as mussels were pulled off in sheets, while snail-like turbos and whelks were prised off with wedge shaped sticks, stone and bone tools, or fingers. Rock platform shellfish from the sub-tidal zone, such as abalone, were obtained by diving. On sandy beaches, the shellfish were dug up with sticks, hands and feet. Aboriginal people collected the larger shellfish because they contained more meat.\r\nFact sheet number 13\r\nCharacteristics\r\n•	Concentrations of marine or estuarine shells from a wide range of local species.\r\n•	Shells are generally large.\r\n•	Shells may be blackened from cooking fires.\r\n•	Usually associated with brown or black, ashy, charcoal-rich soils.\r\n•	Bones from native mammals and fish and crustacea shell can be present.\r\n•	Stone and bone artefacts, grinding stones and stone pounders can be present.\r\n•	Occasionally, Ancestral Remains will occur.\r\n•	Shellfish remains may include mussel, oyster, warrener, pipi, abalone, limpets, turbo and whelks.\r\nAboriginal people often took their catch back into sheltered areas behind the beach to cook and eat. Shellfish were also eaten raw, but the presence of burnt shell indicates they were just as frequently cooked in hot coals. Heat from fires opened bivalves slightly, whereas meat from whelks and turbo shells had to be prised out.\r\nWhile many Aboriginal shell midden places are the sole result of shellfishing, a diverse range of activities took place at other sites. Habitation places were sometimes located in resource-rich environments where wetlands, estuaries, lakes and open woodlands occur close to the shore. Middens associated with such places can include a greater range of cultural material including bone, stone tools and hearth remains. Such middens can be extensive and consist of stratified (multiple layer) deposits.\r\n','Document','uploads/095ae079d36e41a689939707ecfa14a4.png','uploads/438a2b07c1bb454785d5d617687a41c4.docx','Victoria','Public','Word document','2026-06-30',NULL),('I004','C003','LG53','Aboriginal flaked  stone tools','Flaked stone tools were made by \r\nhitting a piece of stone, called a core, \r\nwith a ‘hammerstone’, often a pebble. \r\nThis would remove a sharp fragment \r\nof stone called a flake.\r\nBoth cores and flakes could be used \r\nas stone tools. New flakes were very \r\nsharp, but quickly became blunt \r\nduring use and had to be sharpened \r\nagain by further flaking, a process \r\ncalled ‘retouch’. A tool that was \r\nretouched has a row of small flake \r\nscars along one or more edges.\r\nRetouch was also used to shape a tool.\r\nNot all types of stone could be used \r\nfor making tools. The best types of \r\nstone are rich in silica, hard and \r\nbrittle. These include quartzite, chert, \r\nflint, silcrete and quartz. Aboriginal \r\npeople quarried such stone from\r\noutcrops of bedrock, or collected it as \r\npebbles from stream beds and \r\nbeaches. Many flaked stone artefacts \r\nfound on Aboriginal places are made \r\nfrom stone types that do not occur \r\nnaturally in the area. \r\nThis means they must have been \r\ncarried long distances.\r\nWhere are stone tools found?\r\nStone tools are the most common \r\nevidence of past Aboriginal activities \r\nin Australia. They occur in many \r\nplaces and are often found with other \r\nremains from Aboriginal occupation, \r\nsuch as shell middens and cooking \r\nhearths. They are most common near \r\nrivers and creeks. It is easier to find \r\nthem where there is not much \r\nvegetation or where the ground \r\nsurface has been disturbed, for \r\nexample by erosion.\r\nWhat were flaked stone tools used \r\nfor?\r\nFlaked stone tools could be made \r\nquickly, and were used for many \r\neveryday tasks, including shaping \r\nobjects made of wood, bark and bone. \r\nThey were used as spear-tips in \r\nhunting weapons and as knives to \r\nbutcher game. They were also used to \r\nscrape and prepare animal skins for \r\nmaking cloaks, containers and \r\ndecorative items.\r\n','Document','uploads/e7fb20e4656b41d0a114f17252aef426.png','uploads/d76e82b82417458687edbe67054956d8.pdf','southwestern Victoria','Public','PDF document','2026-06-30',NULL),('I005','C003','LG342','freshwater middens','Freshwater shell middens are\r\naccumulations of shell produced by \r\nAboriginal people collecting, cooking and \r\neating freshwater shellfish. Middens usually \r\noccur as thin layers or small patches of \r\nshell. The shells usually come from both the \r\nfreshwater mussel (Velesunio ambiguus) \r\nand river mussel (Alathyria jacksoni). The \r\nshells may be the remains of just one meal,\r\nor hundreds of meals eaten over \r\nthousands of years.\r\nShell middens often contain evidence of \r\ncooking such as charcoal, ash, firestones, \r\nburnt earth or burnt clay. Sometimes they \r\nalso contain animal bones, fish bones, \r\nstone tools and Aboriginal burials.\r\nWhere are Aboriginal freshwater middens \r\nfound?\r\nFreshwater shell middens are found along \r\nriverbanks and flood plains, near swamps \r\nand lakes, and in sand dunes. They are \r\nsometimes found in dry areas, where fresh \r\nwater was once present. Freshwater mussel \r\nshells may also be found in Aboriginal oven \r\nmounds, but usually only in small \r\nquantities.\r\nMiddens may be visible as scatters of \r\nbroken mussel shell, exposed along vehicle \r\ntracks. If you look closely, you may find \r\nmussel shells buried in the surrounding soil. \r\nMiddens are also commonly visible as \r\nscatters of mussel shell eroding down the \r\nslopes of dunes. Again, the scatters can \r\nusually be traced up the dune to the buried \r\nshell layer.\r\nShell fragments in the upcast from rabbit \r\nburrows in dunes may also indicate a \r\nmidden.\r\n','Document','uploads/e26deadc5fff48c78e3b5f01a0011eb9.png','uploads/9de6c965404645d783d4eb03ba826ef6.pdf','Valley','Private','PDF document','2026-06-30',NULL),('I006','C003','LG847','grinding stones','Grinding stones are slabs of stone that Aboriginal people used to grind and crush different materials. Bulbs, berries, seeds, insects and many other things were ground between a large lower stone and a smaller upper stone.\r\nWhere are they found?\r\nGrinding stones are usually found where Aboriginal people lived and camped. For example, they have been found in shell middens and rock shelters, and at open camp sites and rock art sites. They are common in museum and private collections.\r\nHow did Aboriginal people use grinding stones?\r\nGrinding stones were among the largest stone implements of Aboriginal people. They were used to crush, grind or pound different materials.\r\nA main function of grinding stones was to process many types of food for cooking. Bracken fern roots, bulbs, tubers and berries, as well as insects, small mammals and reptiles, were crushed and pulped on grinding stones before cooking. Some types of food are poisonous in their natural state and could only be eaten after being crushed and washed.\r\nMilling seeds on large flat grinding stones was common in the drier areas of Australia, but less common in Victoria. Leaves and bark were crushed on grinding stones to make medicines.\r\nAboriginal people also used small grinding stones to crush soft rocks and clays (such as ochre) to make pigments. The pigments were used to decorate bodies for ceremonies, to paint rock art, and to decorate objects such as possum skin cloaks and weapons.\r\nRocky outcrops are rare in some regions, so Aboriginal people imported slabs of suitable stone.  But large grinding stones were rarely moved. Aboriginal people carried as little as possible when they moved camp, and they often left heavy items such as grinding stones as permanent camp ‘furniture’ to be used on the next visit. \r\n','Document','uploads/8fc8ecd726b547a0926743d25e45cc32.png','uploads/7cbff50e05e64c32a224d2daac3687fa.pdf','rocky outcrops','Public','PDF document','2026-06-30',NULL),('I007','C003','LG905','ground-edge  axes','Ground-edge axes are stone\r\nchopping tools with cutting edges that \r\nwere formed by grinding. They were \r\noften designed to have a handle.\r\nAboriginal ground-edge axes are \r\nusually rounded or oval in shape, but \r\nmay be slightly elongated with a \r\nstraighter, sharpened end.\r\nWhere are ground-edge axes found?\r\nGround-edge axes can be found \r\nalmost anywhere where Aboriginal\r\npeople camped or lived in Victoria.\r\nThey may be found near axe-grinding \r\ngrooves, axe quarries or burial sites.\r\nHow did Aboriginal people make \r\nground-edge axes?\r\nAboriginal people made ‘axe blanks’ \r\nby striking large flakes of stone from \r\nrocky outcrops (see Fact sheet \r\nnumber 7, Aboriginal quarries) then \r\nroughly shaping them. They carried \r\naxe blanks across great distances for \r\ntrading.\r\nThe axes were often finished away \r\nfrom the quarry. The tool maker would \r\ncomplete an axe by grinding to make \r\na sharp cutting edge.\r\nThis edge, while not as sharp as a \r\nchipped stone tool, was much more \r\ndurable. When the edge was broken or \r\nchipped, the axe could be sharpened \r\nagain and again.\r\nGrinding was usually done on \r\nsandstone outcrops, often leaving \r\ndeep grooves. Sometimes the whole \r\naxe was ground to a smooth glossy \r\nfinish.\r\nAboriginal people often used natural \r\nresin and plant fibre or kangaroo \r\nsinew to attach the axe to a short \r\nwooden handle.\r\nHow did Aboriginal people use \r\nground-edge axes?\r\nAboriginal people used axes to cut \r\ndown small trees, chop wood, remove \r\ntree bark for canoes and shelters, \r\nbutcher larger animals and undertake \r\nmany other tasks. They also used axes \r\nas weapons, ceremonial objects and \r\nvaluable trade items.','Cultural Note','uploads/0d179a57707048b19ab8c1f9dba5f883.png','uploads/7bf7a1298b1f462e98487d8ddc1d62e8.pdf','Western Australia','Restricted','PDF document','2026-06-30',NULL),('I008','C001','LG905','Aboriginal mounds','Aboriginal mounds are places where \r\nAboriginal people lived over long \r\nperiods of time. Mounds often contain \r\ncharcoal, burnt clay or stone heat \r\nretainers from cooking ovens, animal \r\nbones, shells, stone tools and, \r\nsometimes, Aboriginal burials. \r\nWhere are Aboriginal mounds found? \r\nUsually near rivers, lakes or swamps \r\nbut occasionally some distance from \r\nwater. \r\nMounds often occur on floodplains \r\nand the banks of watercourses. \r\nThey are also found on dunes and \r\nsometimes among rock outcrops on \r\nhigher ground. \r\nWhat produced Aboriginal mounds? \r\nAboriginal people often cooked their \r\nfood in earth ovens. To do this, they \r\nheated stones or burnt clay lumps and \r\nplaced them in a pit. The food – a \r\nkangaroo or tubers for example – was \r\nplaced on top of the heat retainers \r\nand the pit was filled in. Once the food \r\nwas cooked, it was removed, and all \r\nthe cooking debris, such as stone, clay \r\nand ash, was swept out. Over time, the \r\ndebris from cooking and other \r\ndomestic activities combined with \r\nnatural sediments to form a mound. \r\nAboriginal people usually built shelters \r\nor huts from bark or wood. Heaped \r\nearth was sometimes used as a \r\nfoundation, or to strengthen and \r\ninsulate the walls of these structures. \r\nFires were frequently built in front of, \r\nor near, the shelters. Artefacts such as \r\nstone tools were often made close by. \r\nIt is likely that the debris produced by \r\nthese activities, as well as the wood \r\nand bark from the eventual collapse \r\nof the shelters, helped the build-up of \r\nmounds. ','Place Record','uploads/ee306bad3be04368aa848feff1615313.png','uploads/8ec74ad34c2d408d8d3d862258700c36.pdf','southwestern Victoria','Restricted','PDF document','2026-06-30',NULL),('I009','C002','LG749','Aboriginal quarries','Aboriginal quarries are places where \r\nAboriginal people took stone from \r\nrocky outcrops to make chipped or \r\nground stone tools for many different \r\npurposes. Not all types of stone were \r\nsuitable for making tools, so an \r\noutcrop of good stone that could be \r\neasily quarried was a valuable \r\nresource.\r\nAboriginal people quarried different \r\ntypes of stone, each with its own \r\nspecial value and use. Stone tools \r\nwere made from greenstone, silcrete, \r\nquartz, quartzite, basalt and chert.\r\nPigments were made from quarried \r\nochre, and grinding tools were made \r\nfrom sandstone.\r\nSome quarries are small, consisting of \r\njust a single protruding boulder. Other \r\nquarries incorporate many outcrops \r\nand areas of broken stone that cover \r\nthousands of square metres. \r\nWhere are Aboriginal quarries found?\r\nAboriginal quarries are generally \r\nfound on slopes where erosion has\r\nexposed the stone, for example, the\r\nslopes above creeks and rivers, on the \r\nsides of old volcanoes and on ridges.\r\nWhere are Aboriginal quarries found?\r\nAboriginal quarries are generally \r\nfound on slopes where erosion has\r\nexposed the stone, for example, the\r\nslopes above creeks and rivers, on the \r\nsides of old volcanoes and on ridges.\r\nHow did Aboriginal people quarry \r\nstone?\r\nAboriginal people used at least two \r\nmethods of stone quarrying. One \r\nmethod was to strike the surface of \r\nthe outcrop at an angle with a \r\nhammerstone. Manageable pieces of \r\nstone broke off with minimum effort. \r\nThis method scarred the rock face \r\nand left scattered broken fragments \r\naround the outcrop. The \r\nhammerstone was sometimes left at \r\nthe quarry site.','Document','uploads/4a5a54f77ec0455485bc9b20548780e5.png','uploads/268fe1ca4e154b53bb0167022bab1b92.pdf','Darwin Area','Restricted','PDF document','2026-06-30',NULL),('I010','C002','LG310','rock art','Aboriginal people created artworks on \r\nrock surfaces. These include stencils, \r\nprints and drawings in rock shelters,\r\nand engravings in limestone caves.\r\nRock shelter paintings are usually of \r\nsmall stick figures, other simple forms \r\nsuch as kangaroo and emu tracks, \r\nand sets of stripes or bars. A few hand\r\nprints and hand stencils occur in \r\nGariwerd (the Grampians).\r\nWhere is Aboriginal rock art found?\r\nAboriginal people painted in shallow \r\nrock shelters that are large enough to \r\nprotect a small number of people from \r\nwind and rain. \r\nSuch shelters are found in Gariwerd \r\nand north-eastern Victoria, usually in \r\nsmall clusters on the lower slopes of \r\nthe ranges.\r\nEngraving sites are more scattered, \r\nalthough they all occur in limestone \r\ncaves. Finger lines occur in areas of \r\nnear or total darkness, while\r\nscratched motifs tend to be closer to \r\ncave entrances.\r\nWhy did Aboriginal people produce \r\nrock art?\r\nWe do not fully know why Aboriginal \r\npeople produced rock art. Possible \r\nreasons include painting or engraving \r\nto:\r\n• perform part of a ritual\r\n• illustrate aspects of ceremonies,\r\nsuch as initiation rites or funerals\r\n• show the people’s bond with the \r\nland\r\n• record events such as a \r\nsuccessful hunt, or the arrival of \r\nwhite people.\r\nHow did Aboriginal people produce \r\nrock art?\r\nAboriginal people collected pigments \r\nfor painting. The artists made red, \r\npurple and yellow pigments from \r\nochre clays (which are rich in iron), \r\nand white pigment from kaolin clay. \r\nThey worked in the rock shelter, \r\ngrinding up the ochre (usually with a \r\nstone on a grindstone slab) and \r\nadding water. They applied the paint \r\nto the rock wall with a finger, or with a \r\nbrush made of bark or feathers.','Document','img/placeholder.png','uploads/62e20bfe36904f2ab5bf371435976497.pdf','Wartook Valley','Under Assessment','PDF document','2026-06-30',NULL),('I011','C002','LG122','stone  arrangements','Aboriginal stone arrangements are \r\nplaces where Aboriginal people have \r\npositioned stones deliberately to form \r\nshapes or patterns. The purpose of \r\nthese arrangements is unknown \r\nbecause their traditional use ceased \r\nwhen European settlement disrupted \r\nAboriginal society. They were probably \r\nrelated to ceremonial activities.\r\nWhere are Aboriginal stone \r\narrangements found?\r\nStone arrangements occur where \r\nthere are plenty of boulders, such as \r\nvolcanic areas, and where the land \r\ncould support large bands of people. \r\nSurviving stone arrangements are \r\nrare in Victoria, and most are in the \r\nwestern part of the state.\r\nWhy did Aboriginal people arrange \r\nstones?\r\nWe do not know much about the \r\nfunction of stone arrangements. The \r\ntraditions linked with the places may \r\nhave been lost when Aboriginal people \r\nwere driven from their lands during \r\ncolonial settlement. It is also\r\npossible that stone arrangements are \r\nso old that their purpose had been \r\nforgotten even before colonial times.\r\nThe age of stone arrangements is \r\ndifficult to guess. Some may be many \r\nthousands of years old. The boulders \r\nare arranged in shapes or patterns \r\nsuch as natural features, animals and \r\nbirds, implements, and supernatural \r\nfigures or events. Most stones and \r\nboulders were set into the ground \r\nsurface, or soil has built up around \r\nthem over the years.\r\nIf the boulders are moved or \r\ndisturbed, a depression may be left in \r\nthe ground.\r\nSuch places were probably used for\r\nceremonies and rituals. These may \r\nhave involved initiations and the \r\npassing on of secret lore about the \r\nspiritual life of Aboriginal people. \r\nStone arrangements in other parts of \r\nAustralia, including Tasmania, are \r\nknown to have been ceremonial.\r\nLarge numbers of people could have \r\ngathered for ceremonies, but only \r\nwhen there was plenty of food. Daisy \r\nyams on the volcanic plains of western ','Document','uploads/01fd1a65639246a9931838d63cd73884.png','uploads/ded38ec0acca443884ec1cb42cfa7922.pdf','Mt Rothwell','Restricted','PDF document','2026-06-30',NULL),('I012','C001','LG1088','Aboriginal surface scatters','Surface artefact scatters are the \r\nmaterial remains of past Aboriginal \r\npeople’s activities. Scatter sites \r\nusually contain stone artefacts, but \r\nother material such as charcoal, \r\nanimal bone, shell and ochre may also \r\nbe present. No two surface scatters \r\nare the same. \r\nWhere are Aboriginal surface scatters \r\nfound? \r\nSurface scatters can be found \r\nwherever Aboriginal occupation has \r\noccurred in the past. \r\nAboriginal campsites were most \r\nfrequently located near a reliable \r\nsource of fresh water, so surface \r\nscatters are often found near rivers or \r\nstreams where erosion or disturbance \r\nhas exposed an older land surface. \r\nWhat produced surface scatters? \r\nSurface scatters are the remains of \r\npast Aboriginal campsites and other \r\nactivities. Aboriginal people produced \r\nand left the scatter material in the \r\ncourse of their daily life. \r\nActivities that produced surface \r\nscatters include: \r\n manufacture of stone implements \r\nfor a range of everyday tasks \r\n production and maintenance of \r\nweapons, tools and other items \r\nmade of wood and bone \r\n construction of shelters and huts \r\n preparation and consumption of \r\nmeals \r\n preparation of clothes and \r\nblankets from animal skins \r\n social and spiritual activities. \r\nAway from the camp, activities that \r\nproduced surface scatters include: \r\n wood chopping and the removal \r\nof bark from trees \r\n preparation of large items such as \r\ncanoes \r\n hunting and game processing \r\n gathering and processing fruit \r\nand vegetables. \r\n','Document','uploads/1bed9a7fee054187a5cec5ebec678f62.png','uploads/8e16370ce7d7473b85e9cbf7facf0e83.pdf','Victoria','Restricted','PDF document','2026-06-30',NULL),('I013','C001','LG36','Guidelines for conducting Aboriginal cultural  heritage investigations ','A ‘survey for Aboriginal cultural heritage’ is defined under section 4 of the Act, as follows: \r\n(a) a survey of land, other than by disturbing or excavating the land, to discover Aboriginal \r\ncultural heritage; or \r\n(b) a survey of land for the purposes of a Preliminary Aboriginal Heritage Test. \r\nThe term ‘survey’ is intended to be understood in the generally applied archaeological sense. A \r\nperson intending to carry out a survey of land for the purpose of discovering Aboriginal cultural \r\nheritage, must comply with the requirements set out in section 34A of the Act. \r\nA person intending to carry out a survey for Aboriginal cultural heritage must give written notice \r\nof their intention to carry out the survey to each RAP, the Secretary and the owner/ occupier of \r\nthe land. On receiving a notice of intention to carry out a survey for Aboriginal cultural heritage, \r\na RAP has 14 days in which to respond if they wish to participate in the survey. \r\nImportantly, a person who carries out a survey for Aboriginal cultural heritage MUST give a \r\ncopy of the relevant documentation (as defined under the Act) to the Secretary (VAHR) within \r\n30 days of producing the report; or within 12 months of giving notice of their intention to \r\nundertake the survey. Penalties are associated with non-compliance of this provision.','Document','uploads/ca446097baa4431296c6581fb70baaf0.jpg','uploads/de06c36f055f4c3f91739c3f02c884aa.pdf','Australia','Public','PDF document','2026-06-30',NULL),('I014','C002','LG36','Aboriginal stone structures','William Buckley’s fishtrap\r\nOne day, whilst watching the fish, I saw a great shoal of bream come into the mouth of the river, \r\nmaking their way up a long distance…When the tide turned, they came down with it again, and it \r\noccurred to me that if I could by any means stop them in their retreat by a sort of wear [weir], I should \r\nhave a great supply of food…After examining the river, I found a spot suited to the purpose, where the \r\ntide did not rise above two feet…I set to work making faggots with rushes and boughs of trees, - \r\ncarrying them down to the bank of the river; and, at the same time, preparing long stakes, sharpened at \r\none end, to make them fast in the sand…taking advantage of the tide when it receded, I set about my \r\nundertaking, and completed a wear (Morgan 1852: 88-89). \r\nIn the above passage, William Buckley, the escaped convict who spent over thirty years with \r\nthe Wathaurong people, appears to be taking credit for the invention of the estuarine \r\nfishtrap2\r\n. Aboriginal estuarine or tidal stone fishtraps are, however, known to exist in a \r\nnumber of locations around Australia – several have been recorded on the north coast of \r\nNSW and in Queensland (eg Bowen 1998; Campbell 1982; Coleman 1982: 5-6; Walters \r\n1985, but see also Godwin 1988), in southern (Dortch 1997; Dortch et al 2006) and northern \r\n(Smith 1983; Vinnicombe 1987:34) Western Australia, and in South Australia (Welz 2002). \r\nEvidence for tidal fishtraps in Victoria is less common, although two possible examples are \r\nknown from Port Phillip Bay – these are both located in the Corio Bay/Point Lillias area. \r\n','Document','uploads/c0365ea010ad48c28810445d5e76b9bf.jpg','uploads/ae329db094b9474abac47c50584a72f0.pdf','southwestern Victoria ','Restricted','PDF document','2026-06-30',NULL),('I015','C002','LG851','Brief Aboriginal History','“The very ink with which all history is written is merely fluid prejudice.”\r\nMark Twain\r\n\r\nSince the European invasion of Australia in 1788, the Aboriginal people have been oppressed into a world unnatural to their existence, a way of life that had continued for thousands of years. First came the influx of the strangers who carried with them diseases, which decimated the immediate population of the Sydney tribes. It is estimated that over 750,000 Aboriginal people inhabited the island continent in 1788. The colonists were led to believe that the land was terra nullius (‘no one’s land’), despite what Lt James Cook saw in 1770 during his voyage up the east coast of Australia.\r\n\r\n“… they were so ignorant they thought there was only one race on the earth and that was the white race. So when Captain Cook first came, when Lieutenant James Cook first set foot on Wangal land over at Kundul which is now called Kurnell, he said oh lets put a flag up somewhere, because these people are illiterate, they’ve got no fences. They didn’t understand that we didn’t need fences … that we stayed here for six to eight weeks, then moved somewhere else where there was plenty of tucker and bush medicine and we kept moving and then come back in twelve months’ time when the food was all refreshed …”1\r\nthe late Aunty Beryl Timbery Beller\r\n\r\nIt would not be an exaggeration to claim that the Island continent was owned by over 400 different nations at the time of this claim by Cook. When the first fleet arrived in Sydney Cove it is said that Captain Philip was astounded with the theory of Cook’s terra nullius, saying “Sailing up into Sydney cove we could see natives lining the shore shaking spears and yelling.”','Document','uploads/0968c3f8caa943bdb346ac5154ebb8d2.jpg','uploads/69a34f179c7245a6ab42e2599c372e37.docx','Sydney Area','Public','Word document','2026-06-30',NULL),('I016','C002','LG36','Yarnupings Newsletter #3 2025','One of the many life lessons that is worth remembering;is to take time to pause and celebrate success.On the 25th of September 2025 the Aboriginal HeritageOffice did just that. We stopped work for the day andcelebrated 25 years of outstanding service and contribu-tion in our community. The celebration was held at theNorth Sydney Coal Loader Centre for Sustainability.More than 80 people joined the AHO team to commem-orate the occasion including; mayors and councilorsfrom the five partner councils, council CEO’s and staff,local MP’s, AHO volunteers and other long-term friendsand supporters of the Aboriginal Heritage Office.Weather on the day was perfect and everyone in attend-ance could attest to the infectious vibe of positivity, en-thusiasm and pride in the AHO reaching this quarter cen-tury milestone.Official festivities started outside on one of the grass are-as at the Coal Loader with a smoking ceremony and in-troduction from Bush to Bowl’s Adam Byrne, followed bya wonderful Acknowledgement of Country by long-timeAHO Education Officer, Karen Smith.The official party and attendees then shifted (andsqueezed) inside the Genia McCaffery Centre to hearfrom North Sydney Mayor, Zoe Baker providing aMayor’s Welcome and acknowledging the importanceand the long running relationship between North Sydneyand the AHO. For those that may be unaware, NorthSydney Council was the first council to provide officialsupport and collaboration with the AHO','Document','img/placeholder.png','uploads/24c76ee2953646769a0d5129539dd565.pdf','Online','Public','PDF document','2026-06-30',NULL),('I017','C002','LG36','An Aboriginal History of Willoughby','Bo-ra-ne Ya-goo-na Par-ry-boo-go\r\nYesterday Today Tomorrow: An Aboriginal History of Willoughby\r\n\r\nby Jessica Currie\r\n\r\nThere is a broad gap of history on this vast continent. Most Australians do not even attempt to understand that people with language, customs, rituals, technology, religion and boundaries have occupied this land for tens of thousands of years.\r\n\r\nThis beautifully written book has been put together to narrow the gap in understanding a small part of Australian history and heritage.\r\n\r\nThe book explores and traces the Aboriginal history of Willoughby and surrounding areas, taking the reader on a chronological journey, detailing the rich, cultural history of Aboriginal people in the area from creation through to the present day.\r\n\r\nSince publication, this book has become a well-used resource not only by the people of Willoughby but also schools, universities, neighbouring Councils and many who have an interest in researching the history of Willoughby from its earliest times.\r\n\r\nCopies of the book may borrowed from Willoughby City Council Libraries and other local libraries in the region. You can also download a copy via Willoughby’s resources page.\r\n\r\nBo-ra-ne Ya-goo-na Par-ry-boo-go was funded by Willoughby City Council and the Department of Environment, Water, Heritage and the Arts through the Indigenous Heritage Program, was developed in consultation with the Metropolitan Local Aboriginal Land Council and was directed by the Aboriginal Heritage Office. The author gratefully acknowledges the contribution of many Aboriginal people who gave time and told stories to help bring Willoughby’s past to life.','Document','uploads/363e9525b4cf4cec961921aa7fbad30f.jpg','uploads/f5bd15ff35f64c98973366130a41a9a9.docx','https://www.aboriginalheritage.org/history/aboriginalwilloughby/','Under Assessment','Word document','2026-06-30',NULL);
/*!40000 ALTER TABLE `collectionitem` ENABLE KEYS */;
UNLOCK TABLES;

--
-- Table structure for table `culturalmetadata`
--

DROP TABLE IF EXISTS `culturalmetadata`;
/*!40101 SET @saved_cs_client     = @@character_set_client */;
/*!50503 SET character_set_client = utf8mb4 */;
CREATE TABLE `culturalmetadata` (
  `metadataID` varchar(20) CHARACTER SET utf8mb4 COLLATE utf8mb4_unicode_ci NOT NULL,
  `itemID` varchar(20) CHARACTER SET utf8mb4 COLLATE utf8mb4_unicode_ci NOT NULL,
  `ownership` varchar(150) CHARACTER SET utf8mb4 COLLATE utf8mb4_unicode_ci DEFAULT NULL,
  `accessLevel` varchar(50) CHARACTER SET utf8mb4 COLLATE utf8mb4_unicode_ci NOT NULL,
  `recommendedAccessLevel` varchar(50) CHARACTER SET utf8mb4 COLLATE utf8mb4_unicode_ci DEFAULT NULL,
  `culturalSensitivity` varchar(50) CHARACTER SET utf8mb4 COLLATE utf8mb4_unicode_ci DEFAULT NULL,
  `culturalNotes` text CHARACTER SET utf8mb4 COLLATE utf8mb4_unicode_ci,
  `accessConditions` text CHARACTER SET utf8mb4 COLLATE utf8mb4_unicode_ci,
  `communityApprovalStatus` varchar(100) CHARACTER SET utf8mb4 COLLATE utf8mb4_unicode_ci DEFAULT NULL,
  PRIMARY KEY (`metadataID`),
  UNIQUE KEY `uq_culturalmetadata_item` (`itemID`),
  KEY `idx_culturalmetadata_access` (`accessLevel`),
  CONSTRAINT `fk_culturalmetadata_item` FOREIGN KEY (`itemID`) REFERENCES `collectionitem` (`itemID`) ON DELETE CASCADE ON UPDATE CASCADE
) ENGINE=InnoDB DEFAULT CHARSET=utf8mb4 COLLATE=utf8mb4_unicode_ci;
/*!40101 SET character_set_client = @saved_cs_client */;

--
-- Dumping data for table `culturalmetadata`
--

LOCK TABLES `culturalmetadata` WRITE;
/*!40000 ALTER TABLE `culturalmetadata` DISABLE KEYS */;
INSERT INTO `culturalmetadata` VALUES ('M001','I001',NULL,'Restricted',NULL,'Low','None','None','Restricted'),('M002','I002',NULL,'Restricted',NULL,'High','None','None','Restricted'),('M003','I003',NULL,'Public',NULL,'Low','None','None','Public'),('M004','I004',NULL,'Public',NULL,'Low','None','None','Public'),('M005','I005',NULL,'Private',NULL,'High','None','None','Private'),('M006','I006',NULL,'Public',NULL,'Low','None','None','Public'),('M007','I007',NULL,'Restricted',NULL,'High','None','None','Restricted'),('M008','I008',NULL,'Restricted',NULL,'Medium','None','None','Restricted'),('M009','I009',NULL,'Restricted',NULL,'Medium','None','None','Restricted'),('M010','I010',NULL,'Under Assessment',NULL,NULL,NULL,NULL,NULL),('M011','I011',NULL,'Restricted',NULL,'Medium','None','None','Restricted'),('M012','I012',NULL,'Restricted',NULL,'High','None','None','Restricted'),('M013','I013',NULL,'Public',NULL,'Low','None','None','Public'),('M014','I014',NULL,'Restricted',NULL,'Medium','None','None','Restricted'),('M015','I015',NULL,'Public',NULL,'Low','None','None','Public'),('M016','I016',NULL,'Public',NULL,'Low','None','None','Public'),('M017','I017',NULL,'Under Assessment',NULL,NULL,NULL,NULL,NULL);
/*!40000 ALTER TABLE `culturalmetadata` ENABLE KEYS */;
UNLOCK TABLES;

--
-- Table structure for table `languagegroup`
--

DROP TABLE IF EXISTS `languagegroup`;
/*!40101 SET @saved_cs_client     = @@character_set_client */;
/*!50503 SET character_set_client = utf8mb4 */;
CREATE TABLE `languagegroup` (
  `languagegroupID` varchar(12) NOT NULL,
  `austlangCode` varchar(10) NOT NULL,
  `languageName` varchar(100) NOT NULL
) ENGINE=InnoDB DEFAULT CHARSET=latin1;
/*!40101 SET character_set_client = @saved_cs_client */;

--
-- Dumping data for table `languagegroup`
--

LOCK TABLES `languagegroup` WRITE;
/*!40000 ALTER TABLE `languagegroup` DISABLE KEYS */;
INSERT INTO `languagegroup` VALUES ('LG1','K55','Unggarrangu'),('LG2','E28','Wakka Wakka'),('LG3','A115','Nharnu'),('LG4','A106','Najanaja'),('LG5','L69','Northern Dhirari'),('LG6','N76','Ngalkbon'),('LG7','A108','Nankilakuthu'),('LG8','A109','Martuyitha'),('LG9','E27','Djagunda'),('LG10','A114','Mileura Wajarri'),('LG11','A111','Windaga'),('LG12','L12','Wadigali'),('LG13','D41','Giabal'),('LG14','A79','Yinhawangka'),('LG15','E81','Jarowair'),('LG16','L1','Narungga'),('LG17','Y183','Atampaya'),('LG18','Y181','Western Ayapathu'),('LG19','E20','Duungidjawu'),('LG20','Y186','Mpakwithi'),('LG21','Y195','Rimanggudinhma'),('LG22','A22','Marawa'),('LG23','Y197','Ogh Angkula'),('LG24','E87','Dungibara'),('LG25','A27','Mudalga'),('LG26','Y207','Uw El'),('LG27','A28','Bunggura'),('LG28','N95','Wurlaki'),('LG29','N98','Malarbardjuradj'),('LG30','N99','Wilingura'),('LG31','Y20','Anguthimri'),('LG32','L3','Kaurna'),('LG33','E22','Ngoera '),('LG34','Y210','Kirka'),('LG35','E24','Buyibara'),('LG36','P4','Aboriginal English'),('LG37','E26','Guwar'),('LG38','L42','Yirandali'),('LG39','Y231','Yaraytyana'),('LG40','S18','Ngintait'),('LG41','Y233','Wakaman'),('LG42','E29','Gubbi Gubbi'),('LG43','L50','Midlaliri'),('LG44','D63','Northern Dharawal'),('LG45','L57','Minkabari'),('LG46','S1','Warki'),('LG47','S56','Dharamba'),('LG48','L5','Ngadjuri'),('LG49','Y40','Ndorndorin'),('LG50','S65','Darkinyung'),('LG51','N116X','Ngaymil'),('LG52','N116Y','Nungudulbuy'),('LG53','S96','Hawkesbury River '),('LG54','Y52','Wik Epa'),('LG55','N118','Dhayyi'),('LG56','S99','Hunter River '),('LG57','S29','Wadawurrung'),('LG58','A91','Nyardi'),('LG59','N11','Pungupungu'),('LG60','D23','Gamilaraay'),('LG61','S36','Woiwurrung'),('LG62','D66','WirraayWirraay'),('LG63','S31','Kurung'),('LG64','Y70','Yuwula'),('LG65','D65','Wirraayaraay'),('LG66','N161','Marri Tjevin'),('LG67','Y75','Aragu'),('LG68','A87','Wangkajunga'),('LG69','S44','Dhudhuroa'),('LG70','A8','Murunitja'),('LG71','Y91','Gonaniin'),('LG72','A90','Nyanyany'),('LG73','E84','Karunbara'),('LG74','A102','Pindiini'),('LG75','A97','Cheangwa language'),('LG76','N184','Ilgar'),('LG77','E82','Wapabara'),('LG78','A101','Naaguja'),('LG79','S4','Ngaralda'),('LG80','D70','Inuwon'),('LG81','S64','Dharug  Darug'),('LG82','A103','Wangkatja'),('LG83','A10','Ngurlu'),('LG84','C14','Alyawarr'),('LG85','C18','Warumungu'),('LG86','N172','Gunguluwala'),('LG87','A104','Pijikala'),('LG88','A107','Nawurtu'),('LG89','A118','Ngarrka'),('LG90','A105','Nangu'),('LG91','C21','Pinkangarna'),('LG92','Y4','Kulkalgaw Ya'),('LG93','A121','Ngardi'),('LG94','Y2','Kalaw Kawaw Ya'),('LG95','A110','Marlpa'),('LG96','A20','Wilyara'),('LG97','A95','Natingero'),('LG98','D4','Wadi Wadi'),('LG99','A112','Ngunuru'),('LG100','G51','Baringkirri'),('LG101','C29','Lower Arrernte'),('LG102','D67','Wadi Wadi (Piangil)'),('LG103','A113','Byro Wajarri'),('LG104','A11','Waljen'),('LG105','A34','Mangu'),('LG106','D1','Wemba Wemba'),('LG107','A122','Kakutu  Kakurtu'),('LG108','C37','Wurlayi'),('LG109','C36','Western Mudburra'),('LG110','T15','Little Swanport Tasmanian'),('LG111','D5','Barababaraba'),('LG112','C27','Ngarinyman'),('LG113','A123','Ngulatu  Ngulartu'),('LG114','A16','Kuwarra'),('LG115','A39','Wajarri'),('LG116','S38','Jabulajabula  Yabula Yabula'),('LG117','A17','Nangadadjara'),('LG118','A52','Kiyajarra'),('LG119','C7','Kukatja'),('LG120','S97','Kwat Kwat'),('LG121','A30','Ngadawanga'),('LG122','D58','Jeithi'),('LG123','A12','Wangkatha'),('LG124','K64','Andajin'),('LG125','D10','Wiradjuri'),('LG126','A56','Dargudi'),('LG127','S88','Wotjobaluk'),('LG128','A31','Tjupan'),('LG129','Y150','Walmalbarra'),('LG130','S89','Waywurru  Pallanganmiddang'),('LG131','A33','Mantjintjarra'),('LG132','A58','Nyamal'),('LG133','A60','Widagari'),('LG134','A98','Kuntal'),('LG135','A381','Widjandja'),('LG136','A73','Walyirli'),('LG137','A38','Ngaanyatjarra'),('LG138','D28','Wiriyaraay'),('LG139','A81','Mount Margaret'),('LG140','D44','Mandandanji'),('LG141','C11','Yumu'),('LG142','S90','Minjambuta'),('LG143','T16','palawa kani'),('LG144','S95','Djilamatang'),('LG145','A41','Madoidja'),('LG146','C10','Pintupi'),('LG147','D39','Gawambaraay'),('LG148','N86','Gadjalivia'),('LG149','W10','Balardong'),('LG150','W15','Thaagurda'),('LG151','W12','Amangu'),('LG152','A43','Ngaatjatjarra'),('LG153','D42','Margany'),('LG154','L28','Karangura'),('LG155','D43','Gunya'),('LG156','A4','Kaalamaya'),('LG157','C17','Warlmanpa'),('LG158','A50','Nyiyaparli'),('LG159','E63','Yetimarala  Yetimarla'),('LG160','W30','Nhuwala'),('LG161','D52','Thinuntu'),('LG162','A51','Kartujarra'),('LG163','C32','Eastern Ngarinyman'),('LG164','E55','Yilba'),('LG165','A53','Banyjima'),('LG166','D61','Kureinji'),('LG167','C40','Warnayaka'),('LG168','A54','Putijarra'),('LG169','Y124','Djiru'),('LG170','C1','Wirangu'),('LG171','C71','Luritja'),('LG172','D62','Canberra language'),('LG173','W39','Kariyarra'),('LG174','N7','Marrithiyel'),('LG175','S27','Jardwadjali'),('LG176','E56','Biri'),('LG177','D69','Himberrong'),('LG178','C20','Gurindji'),('LG179','G5','WangkaYutjurru'),('LG180','A5','Nungara'),('LG181','E62','Yuru'),('LG182','N134','Wangurri'),('LG183','W67','Kongalboyal'),('LG184','D26','Barranbinya'),('LG185','E1','Geawegal'),('LG186','Y176','Kugu Uwanh'),('LG187','A62','Warnman'),('LG188','G10','Warluwarra'),('LG189','Y27','Ntrwangayth'),('LG190','A65','Mangala'),('LG191','C9','Wanggamala'),('LG192','A14','Badimaya'),('LG193','E33','Taribelang'),('LG194','E31','Yiman'),('LG195','N44','Mayali'),('LG196','A68','Kukatja'),('LG197','E38','Garaynbal'),('LG198','K67','Eastern Bunuba'),('LG199','E30','Butchulla'),('LG200','A61',' Nyangumarta'),('LG201','A69','Bunara'),('LG202','D14','Thangkaali'),('LG203','G15','Wakabunga'),('LG204','E45','Gabulbarra'),('LG205','E41','Tulua'),('LG206','E44','Gayiri'),('LG207','E16','Wiyabal'),('LG208','E69','Nulla Nulla'),('LG209','A6','Maduwongga'),('LG210','E49','Guwinmal'),('LG211','E47','Wangan'),('LG212','K68','Western Bunuba'),('LG213','A72','Ngurlipartu'),('LG214','D54','Yuwaalayaay'),('LG215','Y125','Tagalaka'),('LG216','E52','Yangga'),('LG217','A78','Juuna'),('LG218','A76','Pantikura'),('LG219','E68','Ngarbal'),('LG220','S33','Weki Weki'),('LG221','A82','Wirdjaragandja'),('LG222','Y132','Agwamin'),('LG223','G24','MayiKutuna'),('LG224','E11','Yugambal'),('LG225','Y1321','Wamin'),('LG226','A85','Kurajarra'),('LG227','Y131','Yanga'),('LG228','A96','Mandara'),('LG229','E73','Casino language'),('LG230','K25','Munumburu'),('LG231','Y13','Unjadi'),('LG232','A99','Norseman'),('LG233','Y67','Flinders Island language'),('LG234','D24','Southern Anaiwan'),('LG235','D31','Budjari  Badjiri'),('LG236','L21','Waidjinga'),('LG237','D35','Guyambal'),('LG238','E86','Turrbal'),('LG239','W56','West Ngarluma'),('LG240','E8','Baanbay'),('LG241','N116C','Birrkili'),('LG242','Y152','Gambilbarra Jirrbal'),('LG243','E89','Wuli Wuli'),('LG244','D51','Purukuri'),('LG245','E19','Jandai'),('LG246','E13','Arakwal'),('LG247','Y158','China Camp'),('LG248','C13','Kaytetye'),('LG249','C16','Wakaya'),('LG250','E99','Yirraygirr'),('LG251','K26','Wolyamidi'),('LG252','C19','Wambaya'),('LG253','K56','Winjarumi'),('LG254','A117','Banyjima Padupadu'),('LG255','Y161','Kuku Jakandji'),('LG256','C25','Mudburra'),('LG257','T7','Ben Lomond'),('LG258','G16','MayiThakurti  Mitakoodi'),('LG259','Y165','Wanyurr'),('LG260','C4','Yankunytjatjara'),('LG261','Y227','Daru'),('LG262','C39','Wawulya'),('LG263','C46','Pertame'),('LG264','C8','Arrernte'),('LG265','G28','Kukatj'),('LG266','Y178','Kugu Yianh'),('LG267','D17','Pantyikali'),('LG268','D16','Wilyakali'),('LG269','G50','Kok Nhang'),('LG270','D30','Kullilli'),('LG271','E5','Ngambaa'),('LG272','Y201','Ogh Awarrangg'),('LG273','D33','Guwamu'),('LG274','K5','Bunuba'),('LG275','D49','Kungakuri'),('LG276','N47','Amurdak'),('LG277','D36','Geynyan'),('LG278','D56','Muringam'),('LG279','G4','Rakaya'),('LG280','D64','Northern Anaiwan'),('LG281','K8','Jabirr Jabirr'),('LG282','D7','Yitha Yitha'),('LG283','G53','Lanima'),('LG284','L16','Gungadidji'),('LG285','E42','Baiali'),('LG286','D9','Nari Nari'),('LG287','K10','Warrwa'),('LG288','E60','Gudjal'),('LG289','Y224','Kugu Muinh'),('LG290','E58','Giya'),('LG291','K18','Ngarinyin'),('LG292','E162','Wahlubal'),('LG293','W57','East Ngarluma'),('LG294','E17','Yugambeh'),('LG295','K21','Wanyjirra'),('LG296','L65','Ngurunta'),('LG297','E94','Undanbi'),('LG298','E80','Wehlubal'),('LG299','K69','Baard'),('LG300','N200','Munyuku'),('LG301','Y23','Wimaranga'),('LG302','Y25','Mpalitjanh'),('LG303','A18','Muliara'),('LG304','E21','Moondjan'),('LG305','K33','Kuluwarrang'),('LG306','Y26','Linngithigh'),('LG307','K6','Gooniyandi'),('LG308','E25','Dalla'),('LG309','Y29','Yinwum'),('LG310','N229','Ngalarrunga'),('LG311','E37','Bidjara  Bidyara'),('LG312','A1','Nyaki Nyaki  Njaki Njaki'),('LG313','K43','Worla'),('LG314','E72','Birihn'),('LG315','E70','Burrgati'),('LG316','E96','Wudjebal'),('LG317','E9','Yunggaya'),('LG318','G45','Marrago'),('LG319','K57','Ginan'),('LG320','K58','Barunjin'),('LG321','A21','Gula'),('LG322','K12','Jaru'),('LG323','N106','Wgilak'),('LG324','N113','Galwanuk'),('LG325','E78','Nganduwal'),('LG326','K47','Djerag'),('LG327','E92','Ngarabal'),('LG328','K52','Ngarnawu'),('LG329','K49','Umida'),('LG330','K60','Mailnga'),('LG331','K61','Wulamban'),('LG332','E3','Birrbay'),('LG333','L31','Yarluyandi'),('LG334','L13','Arabana'),('LG335','L61','Kadli'),('LG336','G13','Kalkatungu  Kalkadoon'),('LG337','K7','Nyininy'),('LG338','L20','Mambangurra'),('LG339','G161','Wunumara'),('LG340','Y57','Wik Mungkan'),('LG341','L10','Adnyamathanha'),('LG342','Y62','Ama Ambilmungu'),('LG343','L2','Nauo  Nawu'),('LG344','Y63','Jugaiwadha'),('LG345','L31','Nanduwara'),('LG346','A23','Mangula'),('LG347','L36','Pirriya'),('LG348','L30','Ngandangara'),('LG349','L34','Mithaka'),('LG350','Y65','Aghu Tharnggala'),('LG351','G36','Walangama'),('LG352','Y69','Kuuk Thaayorre'),('LG353','G37','Yangkaal'),('LG354','L43','Bidjara'),('LG355','L62','Malintji'),('LG356','Y72','Yir Yoront'),('LG357','Y79','GuuguNyiguudyi'),('LG358','L40','Maiawali'),('LG359','L47','Matja'),('LG360','Y80','KukuWarra'),('LG361','L63','Thura  Yura'),('LG362','L68','Wangkumara'),('LG363','A25','Birniridjara'),('LG364','L54','Wangkatyaka'),('LG365','Y84','Kuku Thaypan'),('LG366','Y88','Banambila'),('LG367','Y8','Yadhaykenu'),('LG368','G9','Yanda'),('LG369','L59','Mundanbara'),('LG370','N104','Ritharrngu'),('LG371','L66','Parlpakurnu'),('LG372','L67','Eastern Wangkangurru'),('LG373','A26','Djalgandi'),('LG374','E48','Baradha'),('LG375','K17','Worrorra'),('LG376','N103','Guyamirrilili'),('LG377','A35','Konin'),('LG378','L9','Kuyani'),('LG379','N10','Kuwema'),('LG380','A36','Milamada'),('LG381','N120','Warndarrang'),('LG382','N116P','Mandjikai'),('LG383','N116Q','Marrangu'),('LG384','N129','Bararrngu'),('LG385','N1391','Makarrwanhalmirr'),('LG386','N116B','Birdingal'),('LG387','A40','Birdungu'),('LG388','A42','Tjitijamba'),('LG389','W5','Goreng  Koreng'),('LG390','A48','Ngarla'),('LG391','K24','Waladjangari'),('LG392','N116G','Ding Ding'),('LG393','A49','Wirdinya'),('LG394','N116M','Malardordo'),('LG395','S77','Bi:gwurrung'),('LG396','N116L','Maydyara  Maidjara'),('LG397','K2','Jugun'),('LG398','N116R','Marrungun'),('LG399','N116S','Miliwuru'),('LG400','N116W','Ralwia'),('LG401','K371','Gajirrabeng'),('LG402','N116V','Raijang'),('LG403','K39','Gaambera'),('LG404','S79','Taloinjunga'),('LG405','N1171','Murngin'),('LG406','W60','Yinyjiwarnti Kurrama'),('LG407','A55','Palyku'),('LG408','K3','Nyikina'),('LG409','N122','Dhurili'),('LG410','N126','Nunydjirrpi'),('LG411','N128','Wubuy'),('LG412','N215','Marranj'),('LG413','A63','Waringari'),('LG414','N135','Burarra'),('LG415','N21','Larrakia'),('LG416','N136','Yithuwa'),('LG417','N143','Djarn'),('LG418','N3','MurrinhPatha'),('LG419','N2','Yilngali'),('LG420','A67','Yulparija'),('LG421','N142','Marrakulu'),('LG422','N1431','Dhalwangu'),('LG423','N171','Kundedjnjenghmi'),('LG424','N147','Lamami'),('LG425','N110','Lurlmarangu'),('LG426','N116T','Murru'),('LG427','N14','Kungarakany'),('LG428','N116E','Dhpuyngu'),('LG429','N150','Galawlwan'),('LG430','N42','Limilngan'),('LG431','Y147','Walmbarddha'),('LG432','N116F','Dtiwuy'),('LG433','A70','Wadjiba'),('LG434','N154','Nyangga'),('LG435','A74','Fraser Range'),('LG436','A75','Bundjuwanga'),('LG437','N156','Nalawgi'),('LG438','N158','Murrinhkura'),('LG439','A80','Western Desert language'),('LG440','A7','Tjeraridjal'),('LG441','A84','Tarpuntjari'),('LG442','N116J','Djirin'),('LG443','N116N','Mandatja'),('LG444','N167','Nganwirlang'),('LG445','N166','Marranumbu'),('LG446','W58','Yindjibarndi Padupadu'),('LG447','N13','Maranunggu'),('LG448','N16','Maramanindji'),('LG449','A89','Pililuna'),('LG450','A86','Martu Wangka'),('LG451','N175','Galduyh'),('LG452','W65','Djiraly'),('LG453','N60','Dalabon'),('LG454','A94','Witjaari'),('LG455','N182','Gidjurra'),('LG456','N170','Gumunggurdu'),('LG457','N173','Kuninjku'),('LG458','A9','Mirniny'),('LG459','N941','Djinang'),('LG460','C151','Wakirti Warlpiri'),('LG461','N180','Urrirrk'),('LG462','W66','Kongalmarawar'),('LG463','N181','Wurdang'),('LG464','N195','Dhamarrangdji'),('LG465','N188','Garig'),('LG466','Y11','Ngurand'),('LG467','N191','Gunnarta'),('LG468','C24','Manu'),('LG469','N194','Buralka'),('LG470','S261','Knenknenwurrung'),('LG471','N205','Airiman'),('LG472','C28','Akarre'),('LG473','E67','Gathang'),('LG474','N211','Nhangu'),('LG475','N212','Gurryindi'),('LG476','N213','Bindararr'),('LG477','C30','Eastern Gurindji'),('LG478','C31','Eastern Mudburra'),('LG479','E76','Mununjali'),('LG480','S311','Dja Dja Wurrung'),('LG481','C34','Kartangarurru'),('LG482','N223','Wandangbag'),('LG483','C35','Kuwarranyji'),('LG484','E98','Nymboidan'),('LG485','N1','Nangor'),('LG486','C3','Kokatha'),('LG487','N24','Nangiblerbi'),('LG488','N25','Warray'),('LG489','N48','Wareidbug'),('LG490','N29','Wuna'),('LG491','N28','Nungali'),('LG492','C41','Yarlpiri'),('LG493','S211','Kulin'),('LG494','C43','Ngaliya'),('LG495','N32','Wulwulam'),('LG496','C45','Nyiwanawu'),('LG497','N33','Kamu'),('LG498','C47','Western Arrarnta'),('LG499','G12','Ayerrerenge'),('LG500','C5','Antikirinya'),('LG501','G19','Nguburinji'),('LG502','C81','Anmatyerr'),('LG503','G2','Ulaolinya'),('LG504','N202','Djangu'),('LG505','N204','Mildjingi'),('LG506','D11','Pulaali'),('LG507','G33','Kurtjar'),('LG508','S46','Ngarigu  Ngarigo'),('LG509','N52','Widjilg'),('LG510','D18','Wangaaypuwan'),('LG511','D15','Guyinbaraay'),('LG512','D19','Nhaawuparlku'),('LG513','N58','Jalakuru'),('LG514','N116O','Manydjalpuyngu'),('LG515','N59','Wengei'),('LG516','D22','Ngiyampaa  Ngempa'),('LG517','D20','Wayilwan'),('LG518','N66','Urningangk'),('LG519','N226','Kiyuk'),('LG520','D25','Kurnu'),('LG521','G40','Ngulupulu'),('LG522','D29','Gambuwal'),('LG523','G44','MayiYali'),('LG524','N117','Djarrwark'),('LG525','D34','Bigambul'),('LG526','D37','Gunggari'),('LG527','N81','Gunnartpa'),('LG528','D3','Ngunawal  Ngunnawal'),('LG529','N82','Burarra'),('LG530','D40','Barunggam'),('LG531','N1221','Gupapuyngu'),('LG532','D46','Nguri'),('LG533','N90','Ngandi'),('LG534','N125','Gigi'),('LG535','N91','Galwa'),('LG536','D47','PaaRuntyi'),('LG537','G48','Rangwa'),('LG538','Y97','Muluridji'),('LG539','D50','Nuntukuri'),('LG540','G6','Pitta Pitta'),('LG541','D57','Weraeria'),('LG542','K14','Unggumi'),('LG543','D59','Milpulo'),('LG544','K20','Gija  Kija'),('LG545','S12','Yirawirung'),('LG546','S15','Bindjali  Bodaruwitj'),('LG547','S17','Wergaia'),('LG548','S16','Mardidjali'),('LG549','N119','M”ìlarra'),('LG550','D6','Marrawarra'),('LG551','D71','Galali'),('LG552','K22','Wunambal'),('LG553','K32','Yiiji'),('LG554','K38','Mariung'),('LG555','S28','Dadi Dadi'),('LG556','S69','Ngarrindjeri'),('LG557','E15','Galibal'),('LG558','S35','Boonwurrung'),('LG559','E161','Dinggabal'),('LG560','S73','Djargurd Wurrong'),('LG561','E18','Minyangbal'),('LG562','S39','Brataualung'),('LG563','S52','Thawa'),('LG564','S43','Gundungerre  Yaithmathang'),('LG565','S71','Gadubanud'),('LG566','S47','Walgalu'),('LG567','S48','Krauatungalang'),('LG568','S49','Bidawal'),('LG569','E2','Warrimay'),('LG570','K44','Miwa'),('LG571','E35','Gungabula'),('LG572','S72','Wichintunga'),('LG573','E39','Wadjigu'),('LG574','K45','Walar'),('LG575','S76','Moatatunga'),('LG576','N89','Buan'),('LG577','E43','Yagalingu'),('LG578','P2','Torres Strait Creole'),('LG579','K63','Giwajbem'),('LG580','T1','Northern Tasmanian'),('LG581','S66','Awabakal'),('LG582','S67','Yuin'),('LG583','E4','Ngaku'),('LG584','S6','Ngangaruku'),('LG585','E50','Miyan'),('LG586','Y141','Madhirdirl'),('LG587','E51','Yambina'),('LG588','E54','Yuwi'),('LG589','S78','Pinejunga'),('LG590','W17','Buluguda'),('LG591','Y142','Mboaru'),('LG592','S82','KoortKirrup'),('LG593','W1','Bibulman'),('LG594','S87','Nundadjali'),('LG595','N88','Wubulkarra'),('LG596','S86','Pirtpirtwurrung'),('LG597','E61','Bindal'),('LG598','S8','Yaraldi'),('LG599','S98','Southern Ngarigu'),('LG600','L18','Yandruwandha'),('LG601','E65','Mandalgu'),('LG602','T14','Piper River Tasmanian'),('LG603','L29','Kunandaburi'),('LG604','T12','Circular Head Tasmanian'),('LG605','T13','Port Sorell Tasmanian'),('LG606','E77','Nerang Creek'),('LG607','E7','Gumbaynggirr'),('LG608','Y113','Narkali'),('LG609','T3','Northwestern Tasmanian'),('LG610','T6','Macquarie Harbour Tasmanian'),('LG611','L32','Karanya'),('LG612','E83','Rakiwara'),('LG613','W45','Watjanmay'),('LG614','W13','Watjanti'),('LG615','N31','Batjamalh'),('LG616','W31','Yarnarri'),('LG617','W4','Kaniyang'),('LG618','W20','Maya'),('LG619','W21','Tharrkari'),('LG620','N132','Wurru'),('LG621','W55','Jaburu'),('LG622','W24','Burduna'),('LG623','W25','Thiin'),('LG624','E91','Marbal'),('LG625','L35','Karuwali'),('LG626','G11','Wonganya'),('LG627','L39','Wadjabangai'),('LG628','L41','Iningai'),('LG629','G121','Bularnu'),('LG630','L46','Nhirrpi'),('LG631','W42','Northern Yingkarta'),('LG632','W44','Janadjina'),('LG633','G20','MayiYapi'),('LG634','G18','Midjamba'),('LG635','W47','Yapurarra'),('LG636','G22','Balgalu'),('LG637','W53','Wirlu'),('LG638','G26','Mingginda'),('LG639','W54','Yinigudira'),('LG640','W61','Mijarranypa'),('LG641','G27','Kalibamu'),('LG642','L48','Ngananhina'),('LG643','W62','Marntartka'),('LG644','W63','Ngamangamara'),('LG645','L55','Wailpi'),('LG646','S19','Yuyu'),('LG647','Y144','Ug Windjila'),('LG648','G31','Gkuthaarn'),('LG649','L64','Parpagunu'),('LG650','Y145','Waigur'),('LG651','N371','Uwinymil'),('LG652','Y103','Kuku Kulunggur'),('LG653','N46','Oitbi'),('LG654','Y104','Kuku Wakura'),('LG655','G34','Yukulta  Ganggalidda'),('LG656','Y109','Kuku Djangun  Djungan'),('LG657','Y114','Gunggay'),('LG658','G38','Lardil'),('LG659','Y111','Yirrgay'),('LG660','Y146','Walboram'),('LG661','N146','Marradhanggimirr'),('LG662','N49','Nambuguja'),('LG663','G39','Ogerliga'),('LG664','G3','Kunkalanya'),('LG665','G42','Dhidhani'),('LG666','Y130','Biyay'),('LG667','Y120','Njirma'),('LG668','G47','Jangrala'),('LG669','Y126','Gulngay'),('LG670','G43','Kapula'),('LG671','G49','Kok Narr'),('LG672','N107','Yalukal'),('LG673','N112','Marra'),('LG674','Y46','Wik Adinda'),('LG675','K13','Nyulnyul'),('LG676','G91','Guwa'),('LG677','Y139','Gunggarbara'),('LG678','Y137','Bindaga'),('LG679','Y138','Ganganda'),('LG680','K16','Jawi'),('LG681','Y151','Jirribarra Mamu'),('LG682','K1','Yawuru'),('LG683','Y155','Coonambella'),('LG684','N139','Glpu'),('LG685','Y157','Mbarmburmu'),('LG686','Y156','Marrett River language'),('LG687','K23','Andedja'),('LG688','K28','Arawari'),('LG689','N144','Bilamandyi'),('LG690','K31','Wenambal'),('LG691','N53','Mengerrdji'),('LG692','Y163','Kuku Yalaja'),('LG693','Y16','Ngadhugudi'),('LG694','Y169','Kuuku Iyu'),('LG695','K35','Wilawila'),('LG696','W6','Bindjareb  Pinjarup'),('LG697','N1491','Balamumu'),('LG698','Y172','Wik Iyanh'),('LG699','Y174','Kugu Mangk'),('LG700','N12','Matngala'),('LG701','N116U','Narrkala'),('LG702','Y180','Nhawalgaba'),('LG703','Y225','Wik Totjan'),('LG704','Y185','Awngthim'),('LG705','Y184','Uradhi'),('LG706','K40','Gingara'),('LG707','Y226','Wudjar'),('LG708','K42','Wirngir'),('LG709','N57','Jawoyn'),('LG710','Y134','Warrgamay'),('LG711','N6','Menthe'),('LG712','Y193','Uyungkuthi'),('LG713','N151','Anindilyakwa'),('LG714','Y230','Muragan'),('LG715','K46','Manungu'),('LG716','Y198','Ogh Ikarranggal'),('LG717','K48','Julbayi'),('LG718','Y200','Kuuk Yak'),('LG719','Y1','Kala Lagaw Ya'),('LG720','K50','Doolboong'),('LG721','Y203','Koko Babangk'),('LG722','Y148','Wulbudjibur'),('LG723','Y205','Ndwangith'),('LG724','K51','Wawarl'),('LG725','K54','Marangan'),('LG726','Y209','Kok Wap'),('LG727','N71','Kundjeyhmi'),('LG728','Y160','Guluy'),('LG729','Y213','Ungan'),('LG730','K9','Nimanburru'),('LG731','N131','Warramiri'),('LG732','Y217','Kokokoko'),('LG733','L11','Pirlatapa'),('LG734','Y223','Kokoberrin'),('LG735','L14','Dhirari'),('LG736','Y221','Di:ru'),('LG737','Y22','Kuuku Yau'),('LG738','L15','Karenggapa'),('LG739','N133','Wurunggugu'),('LG740','L19','Dhiraila'),('LG741','Y235','Dulgubarra Mamu'),('LG742','Y68','Baraban'),('LG743','N73','Rembarrnga'),('LG744','L26','Punthamara'),('LG745','L22','Ngamini'),('LG746','L24','Ngurawala'),('LG747','Y24','Thaynakwith'),('LG748','N137','Manggalili'),('LG749','Y162','Nyagali'),('LG750','L33','Marula'),('LG751','L37','Gulumali'),('LG752','Y30','Ladamngid'),('LG753','K70','Dayiba'),('LG754','Y31','Mamangathi'),('LG755','A124','Cundeelee Wangka'),('LG756','L38','Kungkari'),('LG757','Y36','Ngkoth'),('LG758','Y34','Arraythinngith'),('LG759','Y170','Kuuku Yani'),('LG760','A92','Tjapanmay'),('LG761','Y38','Yanganyu'),('LG762','A93','Nhanhagardi'),('LG763','Y41','Mbiywom'),('LG764','Y42','Andjingith'),('LG765','Y43','Kugu Muminh'),('LG766','Y18','Ulwawadjana'),('LG767','L45','Parlpamardramardra'),('LG768','N78','Mangarrayi'),('LG769','L49','Marunuda'),('LG770','N145','Djapu'),('LG771','Y51','Wik Ngatharr'),('LG772','L51','Mikiringanha'),('LG773','Y55','Morrobolam'),('LG774','L52','Wangkakupa'),('LG775','N149','Dhiyakuy'),('LG776','L53','Piltapalta'),('LG777','Y5','Kawalgaw Ya'),('LG778','Y192','Andooyomo'),('LG779','L56','Yarrumada'),('LG780','Y194','Utyangikwathiya'),('LG781','N157','Ngangi'),('LG782','Y47','Wik Paach'),('LG783','L6','Barngarla'),('LG784','L70','Southern Dhirari'),('LG785','N153','Yanyuwa'),('LG786','L8','Malyangapa'),('LG787','N159','Murrinhdiminin'),('LG788','Y7','Angkamuthi'),('LG789','N101','Liyagawumirr'),('LG790','N163','Magati Ke'),('LG791','Y206','Ogh Undjan'),('LG792','N105','Gulunggurr'),('LG793','Y211','Uutaalnganu'),('LG794','Y86','Kuku Bididji'),('LG795','Y87','Kuku Buyunji'),('LG796','N109','Guyula'),('LG797','E14','Gidhabal'),('LG798','N111','Madarrpa'),('LG799','Y90','Kuku Nyungkul'),('LG800','Y54','Wik Ngathan'),('LG801','P3','Broome Pearling Lugger Pidgin'),('LG802','Y212','Kuuk Thayem'),('LG803','Y94','Kuku Mini'),('LG804','Y99','Kuku Yalunyu'),('LG805','N162','Marri Amu'),('LG806','P5','Kimberley Kriol'),('LG807','N130','Golpa'),('LG808','S22','Djadjala'),('LG809','A100','Mardo'),('LG810','E59','Ngaro'),('LG811','A13','Widi'),('LG812','A116','Nyiyaparli Padupadu'),('LG813','A119','Kurdun'),('LG814','A120','Yirrakalan'),('LG815','A19','Wardal'),('LG816','A24','Gurduwanga'),('LG817','A2','Kalarku'),('LG818','A29','Wawula'),('LG819','A32','Nakako'),('LG820','A37','Nanadjara'),('LG821','A3','Ngadjumaya  Ngadju'),('LG822','A511','Manyjilyjarra'),('LG823','A59','Ibarga'),('LG824','A64','Karajarri'),('LG825','A66','Walmajarri'),('LG826','A71','Nhugarn'),('LG827','A77','Mijaranypa'),('LG828','A83','Njangadjadjara'),('LG829','A88','Juwaliny'),('LG830','C12','Antekerrepenhe'),('LG831','C15','Warlpiri'),('LG832','C22','Jingulu'),('LG833','C26','Gudanji'),('LG834','C23','Gunindirri'),('LG835','C2','Ngalia'),('LG836','C33','Karranga'),('LG837','S30','Gulidjan'),('LG838','C38','Ngardilypa'),('LG839','C42','Warrmarla'),('LG840','C44','Wenamba'),('LG841','C6','Pitjantjatjara'),('LG842','D12','Paakantyi  Paakantji  Barkindji'),('LG843','Y218','Cleveland Bay'),('LG844','Y219','Alodja'),('LG845','D27','Yuwaalaraay'),('LG846','D21','Wanyuparlku'),('LG847','D2','Yorta Yorta'),('LG848','D32','Muruwari'),('LG849','D38','Kogai'),('LG850','N22','Malak Malak'),('LG851','D45','Wadjalang  Dharawala'),('LG852','D48','Parrintyi'),('LG853','D53','Kuntakuri'),('LG854','D61','Southern Paakantyi'),('LG855','D68','Burabura'),('LG856','E75','Nyangbal'),('LG857','D8','Mutti Mutti  Muthi Muthi'),('LG858','E10','Yaygirr'),('LG859','E12','Bundjalung'),('LG860','E23','Yuggera'),('LG861','N174','Gurrigurri'),('LG862','Y237','Athina'),('LG863','S41','Brayakaulung'),('LG864','E32','Gooreng Gooreng'),('LG865','E36','Goeng Goeng'),('LG866','E40','Gangulu'),('LG867','E46','Darumbal'),('LG868','E53','Baranha'),('LG869','E57','Wiri'),('LG870','E64','Ganulu'),('LG871','E6','Dhanggati  Dunghutti'),('LG872','E66','Yugarabul'),('LG873','E79','Ngarahgwal'),('LG874','E85','Gambalamam'),('LG875','E95','Guringay'),('LG876','E88','Garumngar'),('LG877','G14','Indjilandji'),('LG878','G1','Wangkamanha  Wankamadla'),('LG879','G17','Ngawun'),('LG880','G21','Mbara'),('LG881','G25','MayiKulan'),('LG882','G23','Waanyi'),('LG883','G29','Gundara'),('LG884','G32','Garandi'),('LG885','G35','Kayardild'),('LG886','G41','Parnkarra'),('LG887','G52','Indjiladji'),('LG888','G46','Bundjil'),('LG889','G7','Ringu Ringu'),('LG890','G8','Yalarnnga'),('LG891','K11','Walki'),('LG892','K15','Bardi'),('LG893','K19','Guwij'),('LG894','K29','Miriwoong  Miriuwung'),('LG895','K27','Bemba'),('LG896','K30','Malngin'),('LG897','K34','Jiyil'),('LG898','K36','Gunin'),('LG899','K37','Arnga'),('LG900','N178','Ngorrkgowo'),('LG901','N177','Ngarlahmi'),('LG902','K4','Ngumbarl'),('LG903','K62','Bayimbarr'),('LG904','K53','Yawijibaya'),('LG905','K59','Gulunggulu'),('LG906','Y28','Ungawangadi'),('LG907','L17','Dieri'),('LG908','L23','Yawarrawarrka'),('LG909','L25','Wangkumara'),('LG910','L27','Wangkangurru'),('LG911','N18','Jaminjung'),('LG912','L44','Yandjibara'),('LG913','N198','Dhuwal'),('LG914','L4','Nukunu'),('LG915','Y32','Alngith'),('LG916','N218','Mininggiri'),('LG917','Y45','Umpila'),('LG918','Y39','Ntrangith'),('LG919','N102','Marri Ngarr'),('LG920','L7','Yadliawara'),('LG921','N100','Gamalangga'),('LG922','N108','Liyagalawumirr'),('LG923','N1131','Ngaladharr'),('LG924','N116A','Bilin'),('LG925','N116H','Djamundja'),('LG926','N27','Wagiman'),('LG927','Y49','Wik Elken'),('LG928','N116','Dhuwaya'),('LG929','N121','Ngarnka'),('LG930','N123','Bunanatjini'),('LG931','N124','Dhmalamirr'),('LG932','N230','Yolngu Matha'),('LG933','N140','Rirratjingu'),('LG934','N227','Karaman'),('LG935','Y50','Umpithamu'),('LG936','N148','Gobadeindamirr'),('LG937','N421','Bugurnidja'),('LG938','N155','Garrwa'),('LG939','N15','Emmi'),('LG940','Y56','Wik Ngathanya'),('LG941','N168','Djimbilirri'),('LG942','N179','Ngardawuli'),('LG943','Y64','Pakanh'),('LG944','N186','Bininj Kunwok'),('LG945','N189','Mukngirru'),('LG946','N17','Ngengiwumirri'),('LG947','Y66','Wurangung'),('LG948','N183','Manangkarri'),('LG949','N5','Alura'),('LG950','N206','Djadiwitjibi'),('LG951','N20','Tiwi'),('LG952','N192','Dhangu'),('LG953','N190','Gunnarda'),('LG954','N224','Gonbudj'),('LG955','Y6','Djagaraga'),('LG956','N196','Nyekuymirri'),('LG957','N26','Yunggor'),('LG958','N201','Gumadir'),('LG959','N36','Bilinarra'),('LG960','N37','Wurrugu'),('LG961','N208','Munggurrpi'),('LG962','N43','Mbukarla'),('LG963','N217','Buwarrpuwarr'),('LG964','N51','Wada'),('LG965','N68','Yangman'),('LG966','N221','Muralidban'),('LG967','N220','Giimbiyu'),('LG968','N115','Djambarrpuyngu'),('LG969','N114','Budalpudal'),('LG970','N116D','Dholpuyngu'),('LG971','N138','Binbinka'),('LG972','N141','Gumatj'),('LG973','Y78','Kuku Yalanji'),('LG974','N152','Walu'),('LG975','Y81','Kuku Walandja'),('LG976','N160','Ngangimerri'),('LG977','N164','Mariyedi'),('LG978','N165','Marrabanggu'),('LG979','N169','Kerniynmi'),('LG980','N79','Walamangu'),('LG981','N176','Letpurrirt'),('LG982','N85','Yugul'),('LG983','N8','Ngangikurunggurr'),('LG984','N185','Burdinmanduwij'),('LG985','N87','Manyarring'),('LG986','N19','Ngaliwurru'),('LG987','N193','Golumala'),('LG988','N197','Wutjara'),('LG989','N199','Dhuwala'),('LG990','N210','Walmapuy'),('LG991','S5','Peramangk'),('LG992','N207','Wora'),('LG993','N209','Dbi'),('LG994','N216','Ngurruwula'),('LG995','N219','Manggurra'),('LG996','Y92','Kuku Yanyu'),('LG997','N225','Meritjamui'),('LG998','N228','Bararrpararr'),('LG999','Y93','Koko Dhawa'),('LG1000','N30','Djowei'),('LG1001','N35','Wardaman'),('LG1002','Y95','Kutjal'),('LG1003','N39','Iwaidja'),('LG1004','N40','Ngaduk'),('LG1005','N45','Marrku'),('LG1006','N50','Gaagudju'),('LG1007','N55','Erre'),('LG1008','N56','Gundudj'),('LG1009','S68','Kurnai'),('LG1010','N65','Kunwinjku'),('LG1011','N69','Kunbarlang'),('LG1012','N70','Kune'),('LG1013','N72','Yannhangu'),('LG1014','N74','Ndj©bbana'),('LG1015','N75','Gurrgoni'),('LG1016','N80','Nakkara'),('LG1017','Y59','Kugu Nganhcara'),('LG1018','N84','Djarawala'),('LG1019','N92','Alawa'),('LG1020','N94','Balmbi'),('LG1021','N96','Dhaygurrgurr'),('LG1022','S14','Meintangk'),('LG1023','S70','Buibadjali'),('LG1024','N9','Marridan'),('LG1025','N97','Djinba'),('LG1026','S10','Ngawadj'),('LG1027','S11','Tanganekald'),('LG1028','S25','Keerray Woorroong'),('LG1029','Y631','Barrow Point'),('LG1030','S20','Dhauwurd Wurrung'),('LG1031','S32','Lewurung'),('LG1032','S24','Jari Jari'),('LG1033','S45','Brabralung'),('LG1034','S54','Walbunja'),('LG1035','S75','Koornkopanoot'),('LG1036','S2','Ramindjeri'),('LG1037','S62','Kuringgai'),('LG1038','S81','Wulluwurrung'),('LG1039','S37','Taungurung'),('LG1040','S40','Bangerang'),('LG1041','S42','Tatungalung'),('LG1042','S85','Biwadjali'),('LG1043','S93','Ngarad'),('LG1044','T10','Southwestern Tasmanian'),('LG1045','S51','Dyirringa'),('LG1046','T8','Big River Tasmanian'),('LG1047','W69','Marndanjingu'),('LG1048','S53','Dhurga'),('LG1049','W11','Yuat'),('LG1050','S55','Wandandian'),('LG1051','S58','Southern Dharawal'),('LG1052','W34','Pinikura'),('LG1053','W38','Ngarluma'),('LG1054','S60','Gundungurra  Gandangara'),('LG1055','W18','Malgana'),('LG1056','W50','Jindijind'),('LG1057','S74','Gaiwurrung'),('LG1058','W22','Warriyangga'),('LG1059','S7','Ngayawang'),('LG1060','S80','Wirngilgnad dhalinanong'),('LG1061','S83','Nguraiillamwurrung'),('LG1062','S92','Wathurung'),('LG1063','Y118','Waribarra Mamu'),('LG1064','S94','Jupagalk'),('LG1065','Y123','Dyirbal  Jirrbal'),('LG1066','S9','Ngarkat'),('LG1067','T11','Robbins Island Tasmanian'),('LG1068','T4','North Midlands Tasmanian'),('LG1069','T5','Southeastern Tasmanian'),('LG1070','Y159','Gugu Dyilin'),('LG1071','Y171','Ogh Igadj'),('LG1072','T9','Cape Portland Tasmanian'),('LG1073','Y168','Waguurrga'),('LG1074','W16','Damala'),('LG1075','W28','Jiwarli'),('LG1076','Y179','Wantjika'),('LG1077','Y89','Kuku Tungay'),('LG1078','W2','Mirnang  Mineng'),('LG1079','W37','Yindjibarndi'),('LG1080','W33','Jurruru'),('LG1081','W40','Ngarla'),('LG1082','W51','Malygaru'),('LG1083','Y202','Ndrangith'),('LG1084','W3','Wardandi'),('LG1085','W43','Pulinya'),('LG1086','W59','Ngarluma Padupadu'),('LG1087','W68','Purnukundi'),('LG1088','W49','Jadira'),('LG1089','Y21','Nyuwathayi'),('LG1090','Y220','Biyay'),('LG1091','W52','Nokaan'),('LG1092','W9','Wajuk'),('LG1093','Y232','Yatay'),('LG1094','W70','Jaurnmalu'),('LG1095','Y238','Injinoo Ikya'),('LG1096','Y102','Tjapatja'),('LG1097','Y106','Djabugay  Tjapukai'),('LG1098','Y37','Trotj'),('LG1099','W7','Wiilman'),('LG1100','Y3','Meriam Mir'),('LG1101','Y48','Wik Ompom'),('LG1102','Y100','Koko Kaikai'),('LG1103','Y128','Gugu Badhun'),('LG1104','Y101','Uw Oykangand'),('LG1105','Y129','Nywaigi'),('LG1106','Y10','Wuthathi'),('LG1107','Y135','Wulgurukaba'),('LG1108','Y76','Gwandera'),('LG1109','Y110','Bulway'),('LG1110','Y116','Djandjandji'),('LG1111','Y83','Kunjen'),('LG1112','Y121','Ngadjon'),('LG1113','Y85','Koko Bera'),('LG1114','P6','Gurindji Kriol'),('LG1115','Y122','Mamu'),('LG1116','Y153','Buluguyban'),('LG1117','N38','Dagoman'),('LG1118','N34','Garama'),('LG1119','N401','Ngombur'),('LG1120','N64','Mawng'),('LG1121','N77','Ngalakgan'),('LG1122','N83','Ganhalpuyngu'),('LG1123','N93','Wulkara'),('LG1124','P1','Kriol'),('LG1125','S23','Latji Latji'),('LG1126','S13','Bungandidj'),('LG1127','S26','Djab Wurrung'),('LG1128','S3','Portaulun'),('LG1129','S59','Dharawal'),('LG1130','S61','Eora'),('LG1131','S63','Wanarruwa'),('LG1132','S84','Jagwadjali'),('LG1133','S91','Nulit'),('LG1134','W14','Nhanda'),('LG1135','T2','Oyster Bay Tasmanian'),('LG1136','W19','Yingkarta'),('LG1137','W23','Bayungu'),('LG1138','W26','Thalanyji'),('LG1139','W35','Martuthunira'),('LG1140','W36','Kurrama'),('LG1141','W41','Noongar  Nyoongar'),('LG1142','W46','Southern Yingkarta'),('LG1143','W8','Wudjari'),('LG1144','Y107','Areba'),('LG1145','Y173','WikKeyangan'),('LG1146','Y117','Yidinj'),('LG1147','Y115','Mbabaram'),('LG1148','Y119','Madjay'),('LG1149','Y133','Warrungu'),('LG1150','Y127','Girramay'),('LG1151','Y12','Luthigh'),('LG1152','Y149','Jabunbarra Jirrbal'),('LG1153','Y17','Itinadyana'),('LG1154','Y136','Mbarrumbathama'),('LG1155','Y14','Yangathimri'),('LG1156','Y154','Mulgu'),('LG1157','Y15','Teppathiggi'),('LG1158','Y167','Dhalundhirr'),('LG1159','Y175','Kugu Ugbanh'),('LG1160','Y187','Mutyanthi'),('LG1161','Y188','Kokiny'),('LG1162','Y190','Yumukuntyi'),('LG1163','Y191','Gudang'),('LG1164','Y19','Yuputhimri'),('LG1165','Y208','Uw Olem'),('LG1166','Y199','Ogh Alungul'),('LG1167','Y204','Koko Beberam'),('LG1168','Y214','YirrkThangalkl'),('LG1169','Y215','Kuuk Thaayunth'),('LG1170','Y228','Ithu'),('LG1171','Y236','Yintyingka'),('LG1172','Y239','Mabuyag'),('LG1173','Y216','Ngaygungu'),('LG1174','Y229','Adithinngithigh'),('LG1175','Y44','Kaanju  Kaantju'),('LG1176','Y33','Gudjandju'),('LG1177','Y53','Wik Meanh'),('LG1178','Y60','Ayapathu'),('LG1179','Y73','Uw Olkola'),('LG1180','Y74','Gugu Yawa'),('LG1181','Y71','Gugu Rarmul'),('LG1182','Y82','Guugu Yimithirr'),('LG1183','C48','Arandic'),('LG1184','Y98','Kuku Waldja  Wulpura');
/*!40000 ALTER TABLE `languagegroup` ENABLE KEYS */;
UNLOCK TABLES;

--
-- Table structure for table `roles`
--

DROP TABLE IF EXISTS `roles`;
/*!40101 SET @saved_cs_client     = @@character_set_client */;
/*!50503 SET character_set_client = utf8mb4 */;
CREATE TABLE `roles` (
  `roleID` varchar(12) NOT NULL,
  `name` varchar(50) NOT NULL,
  `permissions` int NOT NULL,
  `tasks` varchar(256) NOT NULL,
  PRIMARY KEY (`roleID`),
  UNIQUE KEY `roleID` (`roleID`),
  UNIQUE KEY `name` (`name`),
  KEY `permissions` (`permissions`)
) ENGINE=InnoDB DEFAULT CHARSET=latin1;
/*!40101 SET character_set_client = @saved_cs_client */;

--
-- Dumping data for table `roles`
--

LOCK TABLES `roles` WRITE;
/*!40000 ALTER TABLE `roles` DISABLE KEYS */;
INSERT INTO `roles` VALUES ('R001','Public',1,'Can view public items'),('R002','User',3,'Can view public items and request access to restricted items'),('R003','Archivist',7,'Can view and edit archive items'),('R004','Reviewer',15,'Can view, edit, review, approve access requests and change access levels'),('R005','Administrator',31,'Can manage all aspects of the system');
/*!40000 ALTER TABLE `roles` ENABLE KEYS */;
UNLOCK TABLES;

--
-- Table structure for table `users`
--

DROP TABLE IF EXISTS `users`;
/*!40101 SET @saved_cs_client     = @@character_set_client */;
/*!50503 SET character_set_client = utf8mb4 */;
CREATE TABLE `users` (
  `userID` varchar(10) CHARACTER SET utf8mb4 COLLATE utf8mb4_unicode_ci NOT NULL,
  `roleID` varchar(10) CHARACTER SET utf8mb4 COLLATE utf8mb4_unicode_ci NOT NULL DEFAULT 'R002',
  `preferred_title` varchar(50) CHARACTER SET utf8mb4 COLLATE utf8mb4_unicode_ci DEFAULT NULL,
  `name` varchar(45) CHARACTER SET utf8mb4 COLLATE utf8mb4_unicode_ci DEFAULT NULL,
  `email` varchar(45) CHARACTER SET utf8mb4 COLLATE utf8mb4_unicode_ci DEFAULT NULL,
  `passwordHash` varchar(5000) CHARACTER SET utf8mb4 COLLATE utf8mb4_unicode_ci DEFAULT NULL,
  PRIMARY KEY (`userID`)
) ENGINE=InnoDB DEFAULT CHARSET=utf8mb4 COLLATE=utf8mb4_unicode_ci;
/*!40101 SET character_set_client = @saved_cs_client */;

--
-- Dumping data for table `users`
--

LOCK TABLES `users` WRITE;
/*!40000 ALTER TABLE `users` DISABLE KEYS */;
INSERT INTO `users` VALUES ('U001','R004','Aunty','May Williams','may.williams@fnwa.org','scrypt:32768:8:1$V5nXvzIOZpp4fKgb$8eaef9785ada516716a052299e62521202b4d5db18f9b568fd41d190e42bdca5fd8309bf83bf86384ea5c10f9af06db30de8e4294e0c3a6aad200ccfba2849c2'),('U002','R001',NULL,'Daniel Brooks','d.brooks@fnwa.org','scrypt:32768:8:1$V5nXvzIOZpp4fKgb$8eaef9785ada516716a052299e62521202b4d5db18f9b568fd41d190e42bdca5fd8309bf83bf86384ea5c10f9af06db30de8e4294e0c3a6aad200ccfba2849c2'),('U003','R003',NULL,'Leah Morgan','leah.morgan@fnwa.org','scrypt:32768:8:1$V5nXvzIOZpp4fKgb$8eaef9785ada516716a052299e62521202b4d5db18f9b568fd41d190e42bdca5fd8309bf83bf86384ea5c10f9af06db30de8e4294e0c3a6aad200ccfba2849c2'),('U004','R004','Uncle','Robert Evans','robert.evans@fnwa.org','scrypt:32768:8:1$V5nXvzIOZpp4fKgb$8eaef9785ada516716a052299e62521202b4d5db18f9b568fd41d190e42bdca5fd8309bf83bf86384ea5c10f9af06db30de8e4294e0c3a6aad200ccfba2849c2'),('U005','R005',NULL,'Admin','wayne@technetik.com.au','scrypt:32768:8:1$mU0g8vWcA2a9aQbZ$1700240d81081e5c7b20b04067aa2ef6e2bc514a0fcfc67b0e377a968ddc834800986fdd63b612a53a14b77833b35f54588ca84f616f6fb3a2f27a2d2d9dd86d'),('U006','R002','Uncle','Theodore Stevens','here@there.com.au','scrypt:32768:8:1$4DXOjKGuBMImvRms$5dfa73e698985df9d4b972b66b88281c4e4a4ea960aa701c65490a45d480c6cd8dd486570dccf68880911679733b6719d8b6d1cddc811f593492d42a494d1e2f'),('U007','R004','Dr.','Charles Montgomery Stevens','there@here.com','scrypt:32768:8:1$qqzgQJfLkRKfts7l$943096b5e0b361359c00c3570c67cc9ea4157e750ce30c420d9e1a25897bc369901c956fac1b5af54176a117ca9acb6863eab24a245a731a5d52ccd121e6da5b');
/*!40000 ALTER TABLE `users` ENABLE KEYS */;
UNLOCK TABLES;
/*!40103 SET TIME_ZONE=@OLD_TIME_ZONE */;

/*!40101 SET SQL_MODE=@OLD_SQL_MODE */;
/*!40014 SET FOREIGN_KEY_CHECKS=@OLD_FOREIGN_KEY_CHECKS */;
/*!40014 SET UNIQUE_CHECKS=@OLD_UNIQUE_CHECKS */;
/*!40101 SET CHARACTER_SET_CLIENT=@OLD_CHARACTER_SET_CLIENT */;
/*!40101 SET CHARACTER_SET_RESULTS=@OLD_CHARACTER_SET_RESULTS */;
/*!40101 SET COLLATION_CONNECTION=@OLD_COLLATION_CONNECTION */;
/*!40111 SET SQL_NOTES=@OLD_SQL_NOTES */;

-- Dump completed on 2026-06-30 21:40:50
